Campaign Number,Start Date,End Date,Channel,Channel_id,CampaignType,Campaign_type_id,Client,Client_id,Address,City,State,Zip,Email,Contact,Gender,Age,Audience_id,Target Location,Location_id,Views,Likes,Clicks,Conversions,Expense,Total Sales,Executive,Executive_id
C001,2023-12-18,2024-01-10,YouTube,CH001,Sign Up,CT001,Lopez PLC,CL 001,0806 Watson Drive Suite 662,Port Andrea,DE,42578-2286,zmcintyre@bauer.info,Barbara Walker,Adults,18-40,AU001,USA,LO001,23458.0,7718.0,1056.0,702.0,13961.03,0.0,Lauren Riggs,EX001
C002,2023-10-12,2023-11-09,Email,CH002,Sales,CT002,"Weaver, Garner and Ramos",CL 002,2933 Ortiz Overpass Suite 099,South Douglasburgh,KY,52632-7557,oscott@gmail.com,Melinda Johnston,Female,60+,AU002,LATAM,LO002,92422.0,8075.0,1360.0,182.0,43804.31,50878.17,Brandon Townsend Jr.,EX002
C003,2023-05-18,2023-06-04,TikTok,CH003,Sales,CT002,Salinas-Chavez,CL 003,53637 Bonnie Walk Suite 961,South Adrianaport,IA,49560,richard84@hotmail.com,Chelsea Hoffman,Male,40-60,AU003,Canada,LO003,45934.0,2446.0,1655.0,669.0,36007.47,76729.41,Thomas Ryan,EX003
C004,2023-02-23,2023-03-09,Instagram,CH004,Sales,CT002,"Russell, Wilson and Rogers",CL 004,27907 Deborah Hill Suite 235,Abigailbury,CO,58408,michael78@yahoo.com,Michael Howard,Female,18-40,AU004,Europe,LO004,30391.0,1700.0,2669.0,243.0,37425.85,42784.94,Thomas Ryan,EX003
C005,2023-11-20,2023-12-11,Instagram,CH004,Sales,CT002,White Ltd,CL 005,172 Angela Crescent Apt. 306,North Laura,HI,69094-7497,jeremy56@gmail.com,Nathan Weber,Male,60+,AU005,Canada,LO003,52042.0,191.0,4242.0,753.0,48590.34,64163.39,Jesus Rivera,EX004
C006,2023-09-19,2023-10-05,YouTube,CH001,Sales,CT002,Patterson and Sons,CL 006,0171 Patricia Street Suite 265,Frankmouth,MS,50700-0717,nataliemartinez@hotmail.com,Christopher Riggs,Male,60+,AU005,USA,LO001,40365.0,7775.0,1499.0,945.0,26693.82,51897.34,Jesus Rivera,EX004
C007,2023-06-19,2023-07-09,Instagram,CH004,Sales,CT002,Salinas-Chavez,CL 003,53637 Bonnie Walk Suite 961,South Adrianaport,IA,49560,richard84@hotmail.com,Chelsea Hoffman,Seniors,60+,AU006,Japan,LO005,51437.0,4435.0,97.0,498.0,4274.45,62156.23,Thomas Ryan,EX003
C008,2023-07-08,2023-07-20,Facebook,CH005,Sales,CT002,Weaver-Hoover,CL 007,050 Andrews Green,North Renee,VT,22014-1131,jacqueline32@dominguez.biz,Kathy Mahoney,Adults,40-60,AU007,UK,LO006,63951.0,4627.0,1858.0,798.0,7863.2,59610.64,Brandon Townsend Jr.,EX002
C009,2023-04-24,2023-05-17,Email,CH002,Sign Up,CT001,White Ltd,CL 005,172 Angela Crescent Apt. 306,North Laura,HI,69094-7497,jeremy56@gmail.com,Nathan Weber,Adults,18-40,AU001,Australia,LO007,24495.0,8354.0,4208.0,527.0,14404.95,0.0,Jesus Rivera,EX004
C010,2023-06-05,2023-06-07,Facebook,CH005,Sales,CT002,Ross Group,CL 008,2397 Allison Knolls Suite 213,Jacksonside,WV,58803-3895,kristopher99@romero.org,Lauren Graham,Male,60+,AU005,USA,LO001,49877.0,8180.0,905.0,937.0,26039.88,30846.65,Brandon Townsend Jr.,EX002
C011,2023-09-23,2023-10-04,YouTube,CH001,Sales,CT002,"Noble, Mcneil and Cooper",CL 009,36911 Gay Streets Suite 795,Brentmouth,LA,62951-4782,sarahparks@yahoo.com,Mark Garcia,Male,60+,AU005,Australia,LO007,76265.0,894.0,2198.0,19.0,13777.14,49566.61,Wesley Simon,EX005
C012,2023-12-24,2024-01-21,Facebook,CH005,Sales,CT002,"Reed, Galloway and Buck",CL 010,49317 Vincent Vista Suite 462,Port Nathan,CA,23364-0905,larrygraham@lucas.com,Andrea Simmons,Male,60+,AU005,LATAM,LO002,12061.0,5983.0,3720.0,193.0,21295.14,86986.64,Wesley Simon,EX005
C013,2023-05-22,2023-06-03,Email,CH002,Sales,CT002,Ramirez-Wilson,CL 011,6802 Scott Ways,Jasonbury,NM,94299-7873,robertellis@simpson-gutierrez.com,Christine Nguyen,Female,18-40,AU004,USA,LO001,46002.0,7059.0,1447.0,763.0,35410.1,107001.41,Becky Brown,EX006
C014,2023-04-27,2023-05-10,TikTok,CH003,Sales,CT002,Smith-Bailey,CL 012,055 Rebecca Ramp,Edwardsland,WY,72139-7625,bakerpaul@holland.com,Sharon Reeves,Adults,40-60,AU007,USA,LO001,53589.0,8009.0,3579.0,381.0,42260.22,49510.11,Michael Camacho,EX007
C015,2023-02-13,2023-02-23,YouTube,CH001,Sign Up,CT001,Patterson and Sons,CL 006,0171 Patricia Street Suite 265,Frankmouth,MS,50700-0717,nataliemartinez@hotmail.com,Christopher Riggs,Adults,40-60,AU007,Japan,LO005,52012.0,2398.0,311.0,106.0,44445.65,0.0,Jesus Rivera,EX004
C016,2023-11-02,2023-11-20,Facebook,CH005,Sales,CT002,Lopez PLC,CL 001,0806 Watson Drive Suite 662,Port Andrea,DE,42578-2286,zmcintyre@bauer.info,Barbara Walker,Male,60+,AU005,Canada,LO003,46834.0,6492.0,3250.0,699.0,10339.5,56481.65,Lauren Riggs,EX001
C017,2023-10-23,2023-11-16,TikTok,CH003,Sales,CT002,Lewis PLC,CL 013,621 Woodard Manors Apt. 208,Port Amy,ME,05157-2612,beth20@gmail.com,Diana Love,Seniors,60+,AU006,India,LO008,87131.0,3958.0,4546.0,221.0,18477.84,71443.96,Thomas Ryan,EX003
C018,2023-03-28,2023-04-10,Facebook,CH005,Sign Up,CT001,Patterson and Sons,CL 006,0171 Patricia Street Suite 265,Frankmouth,MS,50700-0717,nataliemartinez@hotmail.com,Christopher Riggs,Seniors,60+,AU006,Japan,LO005,72204.0,6080.0,1948.0,237.0,33988.25,0.0,Jesus Rivera,EX004
C019,2023-12-04,2023-12-26,TikTok,CH003,Sales,CT002,"Russell, Wilson and Rogers",CL 004,27907 Deborah Hill Suite 235,Abigailbury,CO,58408,michael78@yahoo.com,Michael Howard,Teens,13-19,AU008,LATAM,LO002,18166.0,2849.0,4847.0,354.0,27654.57,24945.03,Thomas Ryan,EX003
C020,2023-11-11,2023-11-16,Email,CH002,Sales,CT002,Schneider PLC,CL 014,872 Davila Ville Apt. 985,Millerland,GA,42888,beasleycraig@yahoo.com,Stephen Murphy,Male,18-40,AU009,Australia,LO007,27973.0,9607.0,2657.0,890.0,10983.11,46378.34,Lauren Riggs,EX001
C021,2023-12-27,2024-01-11,Email,CH002,Sales,CT002,Smith-Bailey,CL 012,055 Rebecca Ramp,Edwardsland,WY,72139-7625,bakerpaul@holland.com,Sharon Reeves,Male,40-60,AU003,USA,LO001,22897.0,6256.0,2286.0,531.0,43219.64,23153.0,Michael Camacho,EX007
C022,2023-10-01,2023-10-28,Facebook,CH005,Sales,CT002,Jackson Inc,CL 015,96299 Miller Spur,Jensenfurt,CA,97794-3156,jeremy09@yahoo.com,Karen Rivers,Male,18-40,AU009,Europe,LO004,62876.0,4035.0,3722.0,260.0,30201.78,72382.13,Thomas Ryan,EX003
C023,2023-06-19,2023-06-24,Facebook,CH005,Sales,CT002,"Hunt, Woods and Saunders",CL 016,48531 Garcia Walk,Gonzalesville,WY,31844,rramsey@warren.com,April Brewer,Teens,13-19,AU008,Japan,LO005,26583.0,9185.0,1413.0,581.0,49463.69,34599.14,Melissa Haynes,EX008
C024,2023-07-06,2023-07-20,Instagram,CH004,Sales,CT002,Walter Ltd,CL 017,591 Gallegos Shore,East Jennifer,VT,67675,gravessusan@gonzalez.com,Sarah Warren,Male,18-40,AU009,Canada,LO003,1215.0,1832.0,3794.0,425.0,2983.58,75439.75,Aaron Faulkner,EX009
C025,2023-07-15,2023-08-13,YouTube,CH001,Sales,CT002,Lopez PLC,CL 001,0806 Watson Drive Suite 662,Port Andrea,DE,42578-2286,zmcintyre@bauer.info,Barbara Walker,Female,40-60,AU010,Australia,LO007,79276.0,2404.0,3408.0,208.0,12205.58,71938.03,Lauren Riggs,EX001
C026,2023-08-06,2023-08-09,TikTok,CH003,Sales,CT002,Riley PLC,CL 018,699 Anderson Glen,Parkerside,AZ,15616-1374,jennifer09@york.org,Gary Reed,Male,18-40,AU009,LATAM,LO002,63453.0,3788.0,2515.0,492.0,29386.34,65377.76,Kyle Serrano,EX010
C027,2023-09-27,2023-10-02,TikTok,CH003,Sign Up,CT001,Roberts-Brown,CL 019,725 Peter Lights Apt. 639,South Janet,WV,83873-6339,nguyendustin@gmail.com,Samantha Hudson,Male,40-60,AU003,Japan,LO005,52218.0,3238.0,2450.0,997.0,41018.12,0.0,Thomas Ryan,EX003
C028,2023-11-30,2023-12-07,YouTube,CH001,Sign Up,CT001,Nunez-Bowers,CL 020,6821 Walker Via Suite 228,Lake Jessica,NE,05036-1909,michelle44@yahoo.com,James Woods,Female,60+,AU002,LATAM,LO002,42299.0,9326.0,2552.0,763.0,29155.51,0.0,Wesley Simon,EX005
C029,2023-02-20,2023-03-01,Facebook,CH005,Sign Up,CT001,Ross Group,CL 008,2397 Allison Knolls Suite 213,Jacksonside,WV,58803-3895,kristopher99@romero.org,Lauren Graham,Adults,40-60,AU007,India,LO008,32351.0,3417.0,3381.0,443.0,25073.88,0.0,Brandon Townsend Jr.,EX002
C030,2023-08-12,2023-09-08,Email,CH002,Sales,CT002,"Morris, Johnson and Anderson",CL 021,065 John Street,West Adamchester,NV,72944-3914,johnsondonald@meyer.com,Sandy Mathis,Male,18-40,AU009,Australia,LO007,11800.0,1677.0,729.0,958.0,23784.67,64722.92,Kyle Serrano,EX010
C031,2023-02-18,2023-03-06,TikTok,CH003,Sales,CT002,Lyons PLC,CL 022,20804 Burgess Trace,Petersenburgh,WV,31082,nicholastaylor@yahoo.com,Sharon Crawford,Male,40-60,AU003,India,LO008,54734.0,814.0,2089.0,167.0,1491.41,45845.59,Lauren Riggs,EX001
C032,2023-09-08,2023-09-22,Facebook,CH005,Sign Up,CT001,Fisher Group,CL 023,880 Watson Ramp Suite 059,Reynoldsfurt,GU,10725,brian57@hotmail.com,Jeremy Baker,Female,40-60,AU010,Europe,LO004,2208.0,2309.0,2423.0,926.0,40680.13,0.0,Melissa Haynes,EX008
C033,2023-12-07,2023-12-23,YouTube,CH001,Sales,CT002,Gray Ltd,CL 024,Unit 4555 Box 7398,DPO AE 23911-7290,,,owenmelinda@yahoo.com,Mark Long,Adults,40-60,AU007,Japan,LO005,81576.0,10000.0,2916.0,112.0,10125.54,61621.82,Jesus Rivera,EX004
C034,2023-06-21,2023-07-19,YouTube,CH001,Sign Up,CT001,Jackson Inc,CL 015,96299 Miller Spur,Jensenfurt,CA,97794-3156,jeremy09@yahoo.com,Karen Rivers,Female,18-40,AU004,UK,LO006,76659.0,5247.0,2547.0,46.0,33116.41,0.0,Thomas Ryan,EX003
C035,2023-05-06,2023-05-30,Email,CH002,Sales,CT002,"Holmes, Johnson and Rodriguez",CL 025,USCGC Erickson,FPO AE 00735-4383,,,polsen@alexander-smith.net,Anne Foley,Seniors,60+,AU006,UK,LO006,94539.0,5735.0,2844.0,560.0,16141.11,55061.03,Wesley Simon,EX005
C036,2023-10-19,2023-11-10,Email,CH002,Sales,CT002,"Bradley, Jackson and Miller",CL 026,190 Bradley Mill Suite 940,Craigbury,MO,18832,hansonpatrick@hunt.com,Dr. David Glass Jr.,Seniors,60+,AU006,Australia,LO007,70092.0,3449.0,4199.0,196.0,29557.22,41677.11,Melissa Haynes,EX008
C037,2023-01-31,2023-02-14,YouTube,CH001,Sign Up,CT001,Roberts-Brown,CL 019,725 Peter Lights Apt. 639,South Janet,WV,83873-6339,nguyendustin@gmail.com,Samantha Hudson,Seniors,60+,AU006,UK,LO006,54376.0,1027.0,2371.0,155.0,23431.5,0.0,Thomas Ryan,EX003
C038,2023-07-08,2023-07-29,Instagram,CH004,Sign Up,CT001,Valentine-Dunn,CL 027,723 Julia Burg,Bartonhaven,VT,86914,gharrington@yahoo.com,Nathan May,Male,40-60,AU003,Australia,LO007,53401.0,7986.0,2766.0,339.0,8152.59,0.0,Melissa Haynes,EX008
C039,2023-12-22,2024-01-16,TikTok,CH003,Sales,CT002,"Bush, Mendez and Smith",CL 028,791 Darryl Squares Suite 934,Holdenport,OH,41129-2197,churchtimothy@yahoo.com,Patrick Williams,Teens,13-19,AU008,Europe,LO004,4701.0,6450.0,4786.0,837.0,27780.55,39069.98,Brandon Townsend Jr.,EX002
C040,2023-07-17,2023-07-26,Instagram,CH004,Sales,CT002,Lewis PLC,CL 013,621 Woodard Manors Apt. 208,Port Amy,ME,05157-2612,beth20@gmail.com,Diana Love,Seniors,60+,AU006,UK,LO006,59513.0,3950.0,4168.0,166.0,39300.07,35084.2,Thomas Ryan,EX003
C041,2023-05-13,2023-05-21,Instagram,CH004,Sign Up,CT001,Mcbride-Finley,CL 029,438 Brent Roads Apt. 855,Tylerburgh,NY,69473,mcclainhannah@jensen-gilbert.com,Michael Freeman,Adults,18-40,AU001,India,LO008,8417.0,1807.0,3944.0,303.0,16209.56,0.0,Jesus Rivera,EX004
C042,2023-09-07,2023-09-17,TikTok,CH003,Sales,CT002,Valentine-Dunn,CL 027,723 Julia Burg,Bartonhaven,VT,86914,gharrington@yahoo.com,Nathan May,Male,18-40,AU009,Europe,LO004,72788.0,824.0,2735.0,769.0,41623.56,45878.43,Melissa Haynes,EX008
C043,2023-02-18,2023-03-14,Facebook,CH005,Sales,CT002,"Reed, Galloway and Buck",CL 010,49317 Vincent Vista Suite 462,Port Nathan,CA,23364-0905,larrygraham@lucas.com,Andrea Simmons,Teens,13-19,AU008,USA,LO001,88433.0,5585.0,3668.0,716.0,46147.61,51821.51,Wesley Simon,EX005
C044,2023-01-17,2023-01-25,YouTube,CH001,Sales,CT002,Reyes-Rios,CL 030,49937 Christopher Unions,Gutierrezmouth,MI,13751-5785,cunninghamjerry@gmail.com,Eric Davis,Seniors,60+,AU006,UK,LO006,96854.0,3287.0,1400.0,252.0,11001.04,61989.99,Wesley Simon,EX005
C045,2023-11-30,2023-12-23,Email,CH002,Sales,CT002,Valentine-Dunn,CL 027,723 Julia Burg,Bartonhaven,VT,86914,gharrington@yahoo.com,Nathan May,Female,60+,AU002,Europe,LO004,4142.0,2029.0,2881.0,171.0,48920.63,23153.0,Melissa Haynes,EX008
C046,2023-12-28,2024-01-08,YouTube,CH001,Sales,CT002,Thomas-Proctor,CL 031,820 Butler Streets Suite 875,North Denisehaven,WV,66736-0964,brownmario@leonard.com,Angela Moore,Male,40-60,AU003,Japan,LO005,62604.0,3274.0,351.0,278.0,23547.35,30654.98,Wesley Simon,EX005
C047,2023-07-25,2023-07-29,TikTok,CH003,Sales,CT002,"James, Phelps and Burgess",CL 032,026 Good Ports Apt. 881,Port Adam,KY,82799-9255,edurham@hotmail.com,Vanessa Miranda,Male,18-40,AU009,Japan,LO005,43095.0,4273.0,3873.0,789.0,34899.92,61553.98,Lauren Riggs,EX001
C048,2023-11-12,2023-12-12,Email,CH002,Sign Up,CT001,"Fox, Carter and Cunningham",CL 033,99919 Michelle Green Apt. 424,West Hannah,KY,63482-6699,bradymcclain@hotmail.com,Andre Manning,Teens,13-19,AU008,Japan,LO005,2141.0,5809.0,762.0,866.0,26462.54,0.0,Brandon Townsend Jr.,EX002
C049,2023-08-20,2023-08-29,TikTok,CH003,Sign Up,CT001,Ross Group,CL 008,2397 Allison Knolls Suite 213,Jacksonside,WV,58803-3895,kristopher99@romero.org,Lauren Graham,Female,18-40,AU004,Japan,LO005,31796.0,1899.0,3771.0,687.0,36807.52,0.0,Brandon Townsend Jr.,EX002
C050,2023-03-10,2023-04-06,Instagram,CH004,Sign Up,CT001,Anderson Inc,CL 034,Unit 0015 Box 7678,DPO AE 55030-2816,,,jgomez@gmail.com,Morgan Gross,Female,18-40,AU004,Australia,LO007,72501.0,6711.0,4852.0,168.0,13841.04,0.0,Thomas Ryan,EX003
C051,2023-05-06,2023-05-29,TikTok,CH003,Sales,CT002,Lopez PLC,CL 001,0806 Watson Drive Suite 662,Port Andrea,DE,42578-2286,zmcintyre@bauer.info,Barbara Walker,Adults,40-60,AU007,Australia,LO007,55454.0,5056.0,591.0,851.0,30465.57,52673.78,Lauren Riggs,EX001
C052,2023-03-21,2023-04-15,YouTube,CH001,Sales,CT002,Jones LLC,CL 035,89103 Jennings Cape Suite 740,South Dianafort,FL,68504,norrisjames@pearson-burton.biz,Danielle Hernandez,Seniors,60+,AU006,India,LO008,51625.0,4100.0,4176.0,56.0,4048.33,53173.62,Aaron Faulkner,EX009
C053,2023-09-28,2023-10-03,YouTube,CH001,Sales,CT002,"Parker, Velasquez and Dixon",CL 036,33302 Fuller Lakes,West Christopher,MH,17095,hutchinsonmary@gmail.com,Brian George,Female,18-40,AU004,Australia,LO007,4132.0,292.0,1920.0,99.0,38057.7,59317.15,Aaron Faulkner,EX009
C054,2023-11-07,2023-12-01,YouTube,CH001,Sign Up,CT001,"Miller, Bryant and Burnett",CL 037,1044 Kennedy Prairie Apt. 186,Jamiemouth,NE,12690-6573,bjohnson@martin-williams.com,Christopher Clark,Seniors,60+,AU006,Europe,LO004,3140.0,8259.0,3955.0,43.0,33356.0,0.0,Aaron Faulkner,EX009
C055,2023-02-28,2023-03-10,YouTube,CH001,Sales,CT002,Drake-Vasquez,CL 038,8980 Cox Park,South Robert,NV,66099-6728,tylersheila@hicks.com,Teresa Doyle,Male,40-60,AU003,USA,LO001,43047.0,9683.0,1704.0,167.0,49537.77,26429.81,Michael Camacho,EX007
C056,2023-03-12,2023-03-19,YouTube,CH001,Sign Up,CT001,Drake-Vasquez,CL 038,8980 Cox Park,South Robert,NV,66099-6728,tylersheila@hicks.com,Teresa Doyle,Female,18-40,AU004,LATAM,LO002,63864.0,9076.0,3256.0,942.0,28751.79,0.0,Michael Camacho,EX007
C057,2023-12-10,2023-12-30,Email,CH002,Sign Up,CT001,Fisher Group,CL 023,880 Watson Ramp Suite 059,Reynoldsfurt,GU,10725,brian57@hotmail.com,Jeremy Baker,Male,60+,AU005,USA,LO001,63349.0,6903.0,2981.0,990.0,20800.78,0.0,Melissa Haynes,EX008
C058,2023-06-15,2023-07-01,Email,CH002,Sales,CT002,Cooper-Alexander,CL 039,01438 Kristin Fords Apt. 626,Port Paula,WA,20979-6415,gchavez@yang.com,Alexandria Hansen,Teens,13-19,AU008,LATAM,LO002,52140.0,5603.0,4671.0,376.0,16773.75,63146.78,Thomas Ryan,EX003
C059,2023-12-13,2023-12-23,Instagram,CH004,Sales,CT002,Herrera-Cook,CL 040,0613 David Haven Apt. 354,North Samantha,MI,10699-1384,ijordan@gmail.com,Madison York,Seniors,60+,AU006,LATAM,LO002,80160.0,4125.0,3975.0,598.0,29949.79,36113.64,Wesley Simon,EX005
C060,2023-07-07,2023-07-20,TikTok,CH003,Sales,CT002,Wade PLC,CL 041,3571 Harvey Centers,Ronaldfurt,NY,35589-6805,nhall@hotmail.com,Lacey Crane,Male,60+,AU005,UK,LO006,19067.0,1410.0,4989.0,801.0,25569.26,57864.37,Lauren Riggs,EX001
C061,2023-05-02,2023-05-26,YouTube,CH001,Sign Up,CT001,Cunningham-Little,CL 042,Unit 5043 Box 8770,DPO AP 84852,,,christopher51@watson.net,Stephanie Fernandez,Female,40-60,AU010,India,LO008,28540.0,6055.0,2625.0,799.0,20281.14,0.0,Becky Brown,EX006
C062,2023-06-04,2023-06-23,YouTube,CH001,Sales,CT002,"Reed, Galloway and Buck",CL 010,49317 Vincent Vista Suite 462,Port Nathan,CA,23364-0905,larrygraham@lucas.com,Andrea Simmons,Female,40-60,AU010,UK,LO006,91014.0,4060.0,4716.0,676.0,18712.37,60693.38,Wesley Simon,EX005
C063,2023-05-21,2023-05-25,Facebook,CH005,Sign Up,CT001,Herrera-Cook,CL 040,0613 David Haven Apt. 354,North Samantha,MI,10699-1384,ijordan@gmail.com,Madison York,Male,18-40,AU009,Europe,LO004,33476.0,7005.0,2186.0,658.0,4880.75,0.0,Wesley Simon,EX005
C064,2023-11-14,2023-11-22,Instagram,CH004,Sales,CT002,Edwards LLC,CL 043,123 Amanda Summit,Lake Marietown,IL,81773-5493,tinamckay@sharp-smith.com,Matthew Davis,Female,60+,AU002,Japan,LO005,57664.0,2355.0,3422.0,337.0,49745.62,55697.02,Melissa Haynes,EX008
C065,2023-09-16,2023-10-15,Email,CH002,Sales,CT002,Mcbride-Finley,CL 029,438 Brent Roads Apt. 855,Tylerburgh,NY,69473,mcclainhannah@jensen-gilbert.com,Michael Freeman,Teens,13-19,AU008,Australia,LO007,97778.0,7583.0,268.0,845.0,46026.43,49049.5,Jesus Rivera,EX004
C066,2023-01-25,2023-02-17,Facebook,CH005,Sales,CT002,Valentine-Dunn,CL 027,723 Julia Burg,Bartonhaven,VT,86914,gharrington@yahoo.com,Nathan May,Female,60+,AU002,UK,LO006,18061.0,4533.0,1310.0,223.0,2925.88,46406.4,Melissa Haynes,EX008
C067,2023-01-07,2023-01-20,Facebook,CH005,Sign Up,CT001,"Reed, Galloway and Buck",CL 010,49317 Vincent Vista Suite 462,Port Nathan,CA,23364-0905,larrygraham@lucas.com,Andrea Simmons,Male,18-40,AU009,Europe,LO004,45756.0,9994.0,2551.0,867.0,13427.22,0.0,Wesley Simon,EX005
C068,2023-07-24,2023-07-30,Instagram,CH004,Sales,CT002,Jones LLC,CL 035,89103 Jennings Cape Suite 740,South Dianafort,FL,68504,norrisjames@pearson-burton.biz,Danielle Hernandez,Male,18-40,AU009,Canada,LO003,55022.0,9822.0,2702.0,267.0,709.58,54160.79,Aaron Faulkner,EX009
C069,2023-06-01,2023-06-10,Email,CH002,Sales,CT002,Bernard and Sons,CL 044,8622 Ricky Knoll,New Jenniferville,GA,79764-9207,johnsonrobert@white.com,Julia Moore,Adults,18-40,AU001,India,LO008,53075.0,8233.0,1358.0,456.0,31296.65,49397.38,Thomas Ryan,EX003
C070,2023-06-05,2023-06-25,Facebook,CH005,Sales,CT002,White Ltd,CL 005,172 Angela Crescent Apt. 306,North Laura,HI,69094-7497,jeremy56@gmail.com,Nathan Weber,Male,40-60,AU003,LATAM,LO002,93754.0,7829.0,1630.0,828.0,19748.38,49032.64,Jesus Rivera,EX004
C071,2023-04-08,2023-04-29,Facebook,CH005,Sales,CT002,Melton-Smith,CL 045,03793 Jacobs Branch,West Max,MA,54633-3659,mercertimothy@huff.com,Patrick Abbott,Male,18-40,AU009,Australia,LO007,42436.0,2470.0,3712.0,217.0,20766.96,58135.36,Lauren Riggs,EX001
C072,2023-12-01,2023-12-30,TikTok,CH003,Sign Up,CT001,"Fox, Carter and Cunningham",CL 033,99919 Michelle Green Apt. 424,West Hannah,KY,63482-6699,bradymcclain@hotmail.com,Andre Manning,Male,40-60,AU003,Australia,LO007,30996.0,2704.0,2940.0,84.0,25009.46,0.0,Brandon Townsend Jr.,EX002
C073,2023-10-01,2023-10-30,YouTube,CH001,Sales,CT002,Edwards LLC,CL 043,123 Amanda Summit,Lake Marietown,IL,81773-5493,tinamckay@sharp-smith.com,Matthew Davis,Male,60+,AU005,Europe,LO004,49630.0,8858.0,3114.0,550.0,7778.44,56169.11,Melissa Haynes,EX008
C074,2023-10-26,2023-11-16,YouTube,CH001,Sales,CT002,"Holloway, Cox and Ford",CL 046,7800 Dorsey Tunnel Suite 734,West Tracy,UT,56027,joseph49@hodges-campbell.com,Dennis Carr,Adults,18-40,AU001,India,LO008,46763.0,3399.0,1689.0,982.0,49960.87,51281.52,Brandon Townsend Jr.,EX002
C075,2023-12-22,2023-12-29,YouTube,CH001,Sales,CT002,Wade PLC,CL 041,3571 Harvey Centers,Ronaldfurt,NY,35589-6805,nhall@hotmail.com,Lacey Crane,Female,60+,AU002,LATAM,LO002,96168.0,7961.0,2812.0,216.0,46137.32,42266.14,Lauren Riggs,EX001
C076,2023-05-17,2023-05-21,YouTube,CH001,Sign Up,CT001,"Parker, Velasquez and Dixon",CL 036,33302 Fuller Lakes,West Christopher,MH,17095,hutchinsonmary@gmail.com,Brian George,Female,18-40,AU004,USA,LO001,30561.0,5605.0,3619.0,949.0,39465.52,0.0,Aaron Faulkner,EX009
C077,2023-06-12,2023-06-17,Instagram,CH004,Sales,CT002,Edwards LLC,CL 043,123 Amanda Summit,Lake Marietown,IL,81773-5493,tinamckay@sharp-smith.com,Matthew Davis,Male,40-60,AU003,Australia,LO007,50339.0,1131.0,4928.0,410.0,39922.28,60892.28,Melissa Haynes,EX008
C078,2023-06-13,2023-07-06,Facebook,CH005,Sales,CT002,"Morris, Johnson and Anderson",CL 021,065 John Street,West Adamchester,NV,72944-3914,johnsondonald@meyer.com,Sandy Mathis,Adults,18-40,AU001,LATAM,LO002,92679.0,4501.0,495.0,612.0,24834.69,61170.51,Kyle Serrano,EX010
C079,2023-09-30,2023-10-15,TikTok,CH003,Sales,CT002,"Green, Lloyd and Ball",CL 047,30284 Villarreal Passage Apt. 698,Brownshire,NV,89609-0041,wrightlucas@yahoo.com,Shelly Stafford,Male,40-60,AU003,Canada,LO003,94198.0,4398.0,2283.0,457.0,17012.4,61089.8,Jesus Rivera,EX004
C080,2023-02-15,2023-02-25,Instagram,CH004,Sales,CT002,Smith-Bailey,CL 012,055 Rebecca Ramp,Edwardsland,WY,72139-7625,bakerpaul@holland.com,Sharon Reeves,Female,18-40,AU004,Canada,LO003,75181.0,5844.0,3427.0,861.0,29248.22,77891.46,Michael Camacho,EX007
C081,2023-10-06,2023-10-23,Facebook,CH005,Sales,CT002,Jimenez and Sons,CL 048,8451 Walter Fords Apt. 737,South Danielchester,CT,12719-1372,amartinez@oconnell.com,Justin Cole,Adults,40-60,AU007,Japan,LO005,23830.0,859.0,448.0,405.0,24992.08,50203.67,Jesus Rivera,EX004
C082,2023-09-11,2023-10-03,YouTube,CH001,Sales,CT002,Daniels Group,CL 049,567 Jill Motorway,Sarabury,GU,20455-6244,michael10@gmail.com,Annette Rice,Female,40-60,AU010,Europe,LO004,10516.0,3199.0,4683.0,504.0,31206.02,49203.12,Wesley Simon,EX005
C083,2023-08-19,2023-08-29,Instagram,CH004,Sales,CT002,"Holloway, Cox and Ford",CL 046,7800 Dorsey Tunnel Suite 734,West Tracy,UT,56027,joseph49@hodges-campbell.com,Dennis Carr,Male,18-40,AU009,UK,LO006,76149.0,1516.0,2464.0,113.0,1690.49,54726.24,Brandon Townsend Jr.,EX002
C084,2023-07-14,2023-08-04,Email,CH002,Sales,CT002,Green-Blake,CL 050,230 Brandon Bypass Apt. 679,New Melissa,TN,37505-3043,karenpayne@yahoo.com,Dustin Ramirez,Female,40-60,AU010,Canada,LO003,92949.0,4717.0,2324.0,953.0,23215.97,59982.18,Jesus Rivera,EX004
C085,2023-06-19,2023-06-26,TikTok,CH003,Sign Up,CT001,Bernard and Sons,CL 044,8622 Ricky Knoll,New Jenniferville,GA,79764-9207,johnsonrobert@white.com,Julia Moore,Teens,13-19,AU008,UK,LO006,38814.0,3125.0,1259.0,798.0,19608.69,0.0,Thomas Ryan,EX003
C086,2023-07-12,2023-08-10,Email,CH002,Sales,CT002,Vaughan Group,CL 051,PSC 0937,Box 0339,APO AP,AP 98521,baldwinhailey@klein-fitzgerald.com,Ashley Carter,Female,40-60,AU010,UK,LO006,23443.0,323.0,3225.0,912.0,48880.35,70181.29,Jesus Rivera,EX004
C087,2023-01-05,2023-01-13,YouTube,CH001,Sales,CT002,Anderson Inc,CL 034,Unit 0015 Box 7678,DPO AE 55030-2816,,,jgomez@gmail.com,Morgan Gross,Teens,13-19,AU008,USA,LO001,17483.0,8443.0,2784.0,750.0,6503.58,25117.44,Thomas Ryan,EX003
C088,2023-03-16,2023-03-26,Facebook,CH005,Sign Up,CT001,"Weaver, Garner and Ramos",CL 002,2933 Ortiz Overpass Suite 099,South Douglasburgh,KY,52632-7557,oscott@gmail.com,Melinda Johnston,Female,60+,AU002,Japan,LO005,19274.0,7457.0,2486.0,886.0,32546.35,0.0,Brandon Townsend Jr.,EX002
C089,2023-07-20,2023-07-24,TikTok,CH003,Sales,CT002,Jones LLC,CL 035,89103 Jennings Cape Suite 740,South Dianafort,FL,68504,norrisjames@pearson-burton.biz,Danielle Hernandez,Teens,13-19,AU008,USA,LO001,45693.0,3968.0,2534.0,634.0,36032.25,52057.22,Aaron Faulkner,EX009
C090,2023-02-08,2023-03-05,TikTok,CH003,Sign Up,CT001,Hernandez Inc,CL 052,9452 Amber Mills,Lopezville,NV,94038-0838,uhansen@livingston.com,Traci Holden,Adults,40-60,AU007,Europe,LO004,60840.0,2468.0,1174.0,395.0,12063.17,0.0,Melissa Haynes,EX008
C091,2023-01-26,2023-02-24,Email,CH002,Sales,CT002,Edwards LLC,CL 043,123 Amanda Summit,Lake Marietown,IL,81773-5493,tinamckay@sharp-smith.com,Matthew Davis,Seniors,60+,AU006,Canada,LO003,76351.0,7932.0,2099.0,169.0,2555.32,29954.56,Melissa Haynes,EX008
C092,2023-12-09,2023-12-27,TikTok,CH003,Sales,CT002,Edwards LLC,CL 043,123 Amanda Summit,Lake Marietown,IL,81773-5493,tinamckay@sharp-smith.com,Matthew Davis,Female,18-40,AU004,Japan,LO005,22073.0,9435.0,4070.0,563.0,23010.12,76235.22,Melissa Haynes,EX008
C093,2023-03-24,2023-04-11,TikTok,CH003,Sales,CT002,"Wheeler, Garcia and Johnson",CL 053,160 Juarez Burgs,Lynchstad,NC,54104,zhanna@knox.com,Bradley Schroeder,Male,40-60,AU003,Japan,LO005,53461.0,7323.0,3940.0,926.0,23853.73,27467.89,Aaron Faulkner,EX009
C094,2023-07-21,2023-07-26,Email,CH002,Sales,CT002,"Hunt, Woods and Saunders",CL 016,48531 Garcia Walk,Gonzalesville,WY,31844,rramsey@warren.com,April Brewer,Male,18-40,AU009,India,LO008,23314.0,929.0,1306.0,866.0,35737.1,58753.75,Melissa Haynes,EX008
C095,2023-11-29,2023-12-03,Instagram,CH004,Sales,CT002,"Noble, Mcneil and Cooper",CL 009,36911 Gay Streets Suite 795,Brentmouth,LA,62951-4782,sarahparks@yahoo.com,Mark Garcia,Adults,18-40,AU001,LATAM,LO002,72818.0,5361.0,758.0,24.0,5392.36,47949.14,Wesley Simon,EX005
C096,2023-08-09,2023-08-22,YouTube,CH001,Sales,CT002,"Reed, Galloway and Buck",CL 010,49317 Vincent Vista Suite 462,Port Nathan,CA,23364-0905,larrygraham@lucas.com,Andrea Simmons,Male,60+,AU005,Japan,LO005,29525.0,201.0,3456.0,908.0,9103.25,49543.25,Wesley Simon,EX005
C097,2023-08-19,2023-09-17,Facebook,CH005,Sign Up,CT001,Salinas-Chavez,CL 003,53637 Bonnie Walk Suite 961,South Adrianaport,IA,49560,richard84@hotmail.com,Chelsea Hoffman,Adults,40-60,AU007,Europe,LO004,51709.0,4731.0,2913.0,109.0,33883.17,0.0,Thomas Ryan,EX003
C098,2023-11-24,2023-11-26,Email,CH002,Sales,CT002,"Green, Lloyd and Ball",CL 047,30284 Villarreal Passage Apt. 698,Brownshire,NV,89609-0041,wrightlucas@yahoo.com,Shelly Stafford,Adults,18-40,AU001,LATAM,LO002,96829.0,359.0,1553.0,464.0,24057.58,59541.37,Jesus Rivera,EX004
C099,2023-07-19,2023-08-10,Facebook,CH005,Sign Up,CT001,"Brown, Lawrence and Collins",CL 054,069 Jeffrey Neck,North Jeffreyberg,VI,70669-3291,tracyfields@evans.com,Thomas Fleming,Male,60+,AU005,LATAM,LO002,87988.0,9858.0,3258.0,62.0,30366.52,0.0,Michael Camacho,EX007
C100,2023-02-24,2023-03-25,TikTok,CH003,Sales,CT002,"Wheeler, Garcia and Johnson",CL 053,160 Juarez Burgs,Lynchstad,NC,54104,zhanna@knox.com,Bradley Schroeder,Adults,40-60,AU007,Australia,LO007,93742.0,3587.0,3573.0,229.0,49365.1,63374.21,Aaron Faulkner,EX009
C101,2023-10-21,2023-11-11,Instagram,CH004,Sales,CT002,"Wheeler, Garcia and Johnson",CL 053,160 Juarez Burgs,Lynchstad,NC,54104,zhanna@knox.com,Bradley Schroeder,Female,18-40,AU004,Canada,LO003,62606.0,6023.0,3373.0,69.0,48015.97,61250.11,Aaron Faulkner,EX009
C102,2023-11-21,2023-12-10,TikTok,CH003,Sales,CT002,"Reed, Galloway and Buck",CL 010,49317 Vincent Vista Suite 462,Port Nathan,CA,23364-0905,larrygraham@lucas.com,Andrea Simmons,Seniors,60+,AU006,UK,LO006,38135.0,2988.0,509.0,389.0,24693.12,48017.69,Wesley Simon,EX005
C103,2023-09-16,2023-09-21,TikTok,CH003,Sign Up,CT001,Ross Group,CL 008,2397 Allison Knolls Suite 213,Jacksonside,WV,58803-3895,kristopher99@romero.org,Lauren Graham,Adults,18-40,AU001,USA,LO001,68251.0,2789.0,612.0,437.0,21023.57,0.0,Brandon Townsend Jr.,EX002
C104,2023-05-28,2023-06-21,Email,CH002,Sales,CT002,Valentine-Dunn,CL 027,723 Julia Burg,Bartonhaven,VT,86914,gharrington@yahoo.com,Nathan May,Male,18-40,AU009,UK,LO006,99976.0,9415.0,4999.0,777.0,17607.28,44960.65,Melissa Haynes,EX008
C105,2023-01-24,2023-02-13,Facebook,CH005,Sales,CT002,Drake-Vasquez,CL 038,8980 Cox Park,South Robert,NV,66099-6728,tylersheila@hicks.com,Teresa Doyle,Adults,18-40,AU001,LATAM,LO002,47597.0,6517.0,3497.0,867.0,40946.74,36268.85,Michael Camacho,EX007
C106,2023-11-14,2023-12-13,TikTok,CH003,Sales,CT002,Fisher Group,CL 023,880 Watson Ramp Suite 059,Reynoldsfurt,GU,10725,brian57@hotmail.com,Jeremy Baker,Female,18-40,AU004,USA,LO001,67971.0,503.0,3555.0,834.0,27212.0,68251.66,Melissa Haynes,EX008
C107,2023-05-08,2023-05-24,Instagram,CH004,Sales,CT002,Nunez-Bowers,CL 020,6821 Walker Via Suite 228,Lake Jessica,NE,05036-1909,michelle44@yahoo.com,James Woods,Female,40-60,AU010,Canada,LO003,31639.0,3051.0,4482.0,52.0,37065.78,72024.44,Wesley Simon,EX005
C108,2023-10-18,2023-11-08,Email,CH002,Sales,CT002,Lopez PLC,CL 001,0806 Watson Drive Suite 662,Port Andrea,DE,42578-2286,zmcintyre@bauer.info,Barbara Walker,Adults,40-60,AU007,Europe,LO004,35076.0,5971.0,2044.0,793.0,34157.4,50752.68,Lauren Riggs,EX001
C109,2023-06-03,2023-06-24,YouTube,CH001,Sign Up,CT001,White Ltd,CL 005,172 Angela Crescent Apt. 306,North Laura,HI,69094-7497,jeremy56@gmail.com,Nathan Weber,Teens,13-19,AU008,Australia,LO007,19621.0,4626.0,3038.0,580.0,15048.78,0.0,Jesus Rivera,EX004
C110,2023-10-02,2023-10-04,YouTube,CH001,Sales,CT002,"Jones, Miranda and Martin",CL 055,45011 Marc Roads Apt. 548,Johnsonbury,NJ,40892,kristenhoward@yahoo.com,Christine Barnes,Male,40-60,AU003,UK,LO006,70403.0,4323.0,4418.0,300.0,46279.53,23153.0,Thomas Ryan,EX003
C111,2023-03-02,2023-03-14,Email,CH002,Sign Up,CT001,"Holmes, Johnson and Rodriguez",CL 025,USCGC Erickson,FPO AE 00735-4383,,,polsen@alexander-smith.net,Anne Foley,Female,40-60,AU010,Canada,LO003,57605.0,8748.0,2025.0,451.0,33610.97,0.0,Wesley Simon,EX005
C112,2023-01-05,2023-02-03,YouTube,CH001,Sales,CT002,"Ramos, Gomez and Garcia",CL 056,PSC 8675,Box 2798,APO AA,AA 82949-7770,huntdavid@orr.info,Eric Harrison,Seniors,60+,AU006,Europe,LO004,58888.0,3101.0,1022.0,824.0,11057.0,58301.38,Kyle Serrano,EX010
C113,2023-01-19,2023-02-15,YouTube,CH001,Sales,CT002,Salinas-Chavez,CL 003,53637 Bonnie Walk Suite 961,South Adrianaport,IA,49560,richard84@hotmail.com,Chelsea Hoffman,Female,40-60,AU010,Australia,LO007,64761.0,9385.0,3795.0,624.0,5392.11,43981.24,Thomas Ryan,EX003
C114,2023-09-11,2023-10-08,YouTube,CH001,Sign Up,CT001,Hernandez Inc,CL 052,9452 Amber Mills,Lopezville,NV,94038-0838,uhansen@livingston.com,Traci Holden,Teens,13-19,AU008,UK,LO006,67928.0,5879.0,1400.0,457.0,26130.92,0.0,Melissa Haynes,EX008
C115,2023-11-25,2023-12-23,TikTok,CH003,Sales,CT002,"James, Phelps and Burgess",CL 032,026 Good Ports Apt. 881,Port Adam,KY,82799-9255,edurham@hotmail.com,Vanessa Miranda,Adults,40-60,AU007,UK,LO006,62851.0,2299.0,4847.0,324.0,2995.07,23153.0,Lauren Riggs,EX001
C116,2023-08-01,2023-08-16,YouTube,CH001,Sign Up,CT001,Nunez-Bowers,CL 020,6821 Walker Via Suite 228,Lake Jessica,NE,05036-1909,michelle44@yahoo.com,James Woods,Male,60+,AU005,Canada,LO003,56105.0,5150.0,2688.0,10.0,8010.18,0.0,Wesley Simon,EX005
C117,2023-10-18,2023-11-08,Instagram,CH004,Sign Up,CT001,Cooper-Alexander,CL 039,01438 Kristin Fords Apt. 626,Port Paula,WA,20979-6415,gchavez@yang.com,Alexandria Hansen,Male,40-60,AU003,Australia,LO007,28072.0,3904.0,2883.0,846.0,26575.16,0.0,Thomas Ryan,EX003
C118,2023-10-28,2023-11-09,YouTube,CH001,Sales,CT002,"Green, Lloyd and Ball",CL 047,30284 Villarreal Passage Apt. 698,Brownshire,NV,89609-0041,wrightlucas@yahoo.com,Shelly Stafford,Female,40-60,AU010,Europe,LO004,22144.0,3351.0,3254.0,731.0,12727.96,23153.0,Jesus Rivera,EX004
C119,2023-09-10,2023-10-10,Facebook,CH005,Sign Up,CT001,"Ramos, Gomez and Garcia",CL 056,PSC 8675,Box 2798,APO AA,AA 82949-7770,huntdavid@orr.info,Eric Harrison,Seniors,60+,AU006,Japan,LO005,7429.0,8352.0,3512.0,413.0,48204.85,0.0,Kyle Serrano,EX010
C120,2023-10-14,2023-10-28,Instagram,CH004,Sales,CT002,"Weaver, Garner and Ramos",CL 002,2933 Ortiz Overpass Suite 099,South Douglasburgh,KY,52632-7557,oscott@gmail.com,Melinda Johnston,Seniors,60+,AU006,Japan,LO005,57847.0,8533.0,2689.0,896.0,44339.4,53211.7,Brandon Townsend Jr.,EX002
C121,2023-03-22,2023-03-26,Instagram,CH004,Sign Up,CT001,Phillips-Lewis,CL 057,152 Munoz Spur,Richardbury,NE,64820-6682,ssullivan@yahoo.com,April Williams,Adults,18-40,AU001,LATAM,LO002,20767.0,2705.0,1876.0,660.0,21913.56,0.0,Aaron Faulkner,EX009
C122,2023-02-26,2023-03-17,TikTok,CH003,Sales,CT002,"Arnold, Smith and Ward",CL 058,Unit 2316 Box 4709,DPO AA 90463-5066,,,michelle93@pineda-small.com,Karen Bryan,Male,60+,AU005,Australia,LO007,70463.0,8611.0,4401.0,788.0,26393.74,51120.76,Jesus Rivera,EX004
C123,2023-09-14,2023-09-24,Facebook,CH005,Sign Up,CT001,Daniels Group,CL 049,567 Jill Motorway,Sarabury,GU,20455-6244,michael10@gmail.com,Annette Rice,Female,60+,AU002,Europe,LO004,86193.0,8439.0,504.0,50.0,28868.48,0.0,Wesley Simon,EX005
C124,2023-08-18,2023-09-04,Email,CH002,Sales,CT002,Gray Ltd,CL 024,Unit 4555 Box 7398,DPO AE 23911-7290,,,owenmelinda@yahoo.com,Mark Long,Adults,18-40,AU001,Europe,LO004,95720.0,1896.0,2601.0,720.0,24193.01,41044.8,Jesus Rivera,EX004
C125,2023-04-28,2023-05-15,Instagram,CH004,Sales,CT002,Nunez-Bowers,CL 020,6821 Walker Via Suite 228,Lake Jessica,NE,05036-1909,michelle44@yahoo.com,James Woods,Adults,18-40,AU001,Europe,LO004,31727.0,7558.0,4685.0,698.0,15918.83,37814.92,Wesley Simon,EX005
C126,2023-11-24,2023-12-22,Email,CH002,Sign Up,CT001,Melton-Smith,CL 045,03793 Jacobs Branch,West Max,MA,54633-3659,mercertimothy@huff.com,Patrick Abbott,Female,18-40,AU004,Canada,LO003,45607.0,8828.0,681.0,426.0,2677.34,0.0,Lauren Riggs,EX001
C127,2023-06-03,2023-06-26,TikTok,CH003,Sales,CT002,Lopez PLC,CL 001,0806 Watson Drive Suite 662,Port Andrea,DE,42578-2286,zmcintyre@bauer.info,Barbara Walker,Male,60+,AU005,Europe,LO004,95575.0,3844.0,3304.0,500.0,20756.46,33694.68,Lauren Riggs,EX001
C128,2023-05-25,2023-06-21,Instagram,CH004,Sign Up,CT001,"Rowe, Morse and Morgan",CL 059,247 Young Spur,North Jacobview,WI,24275,hstafford@yahoo.com,Destiny Atkins,Adults,18-40,AU001,Australia,LO007,42943.0,7047.0,3067.0,954.0,9408.52,0.0,Becky Brown,EX006
C129,2023-06-14,2023-06-22,Facebook,CH005,Sales,CT002,"Mcclain, Beltran and Patterson",CL 060,2179 Obrien Fort,New Christopher,FL,6005,jeffrey07@rice.com,Bryan Moore,Female,60+,AU002,Canada,LO003,16333.0,9766.0,3898.0,321.0,37969.44,38171.64,Brandon Townsend Jr.,EX002
C130,2023-03-04,2023-03-15,TikTok,CH003,Sales,CT002,"Cohen, Williams and Hess",CL 061,93243 Lee Loop Apt. 832,North Jonathanland,MP,43605-6685,shawn39@gmail.com,Mr. Nicholas Ramirez,Male,60+,AU005,Japan,LO005,15700.0,5128.0,4144.0,233.0,30299.78,64645.11,Jesus Rivera,EX004
C131,2023-05-10,2023-05-29,Email,CH002,Sales,CT002,Edwards LLC,CL 043,123 Amanda Summit,Lake Marietown,IL,81773-5493,tinamckay@sharp-smith.com,Matthew Davis,Male,18-40,AU009,LATAM,LO002,84055.0,5242.0,4097.0,805.0,46544.65,51813.39,Melissa Haynes,EX008
C132,2023-09-17,2023-09-23,TikTok,CH003,Sign Up,CT001,Ross Group,CL 008,2397 Allison Knolls Suite 213,Jacksonside,WV,58803-3895,kristopher99@romero.org,Lauren Graham,Male,40-60,AU003,USA,LO001,75253.0,6017.0,1284.0,615.0,23014.23,0.0,Brandon Townsend Jr.,EX002
C133,2023-11-03,2023-11-13,Facebook,CH005,Sales,CT002,"Weaver, Garner and Ramos",CL 002,2933 Ortiz Overpass Suite 099,South Douglasburgh,KY,52632-7557,oscott@gmail.com,Melinda Johnston,Male,18-40,AU009,UK,LO006,99104.0,1237.0,921.0,966.0,35000.46,45165.52,Brandon Townsend Jr.,EX002
C134,2023-12-06,2023-12-18,Instagram,CH004,Sign Up,CT001,"Jones, Miranda and Martin",CL 055,45011 Marc Roads Apt. 548,Johnsonbury,NJ,40892,kristenhoward@yahoo.com,Christine Barnes,Seniors,60+,AU006,USA,LO001,17308.0,405.0,2625.0,704.0,27510.38,0.0,Thomas Ryan,EX003
C135,2023-09-28,2023-10-16,Instagram,CH004,Sales,CT002,Phillips-Lewis,CL 057,152 Munoz Spur,Richardbury,NE,64820-6682,ssullivan@yahoo.com,April Williams,Female,40-60,AU010,Canada,LO003,23194.0,7801.0,2071.0,114.0,49471.24,62739.26,Aaron Faulkner,EX009
C136,2023-01-05,2023-01-24,Facebook,CH005,Sales,CT002,Lopez PLC,CL 001,0806 Watson Drive Suite 662,Port Andrea,DE,42578-2286,zmcintyre@bauer.info,Barbara Walker,Adults,40-60,AU007,Australia,LO007,31711.0,9897.0,154.0,365.0,11603.78,78737.55,Lauren Riggs,EX001
C137,2023-04-05,2023-04-30,Facebook,CH005,Sales,CT002,Williams PLC,CL 062,911 Thomas Manors,Longchester,ID,62649-9748,sanchezangela@butler.com,Reginald Lee,Male,40-60,AU003,LATAM,LO002,24962.0,3745.0,3364.0,108.0,35539.81,34273.1,Michael Camacho,EX007
C138,2023-07-27,2023-08-17,YouTube,CH001,Sales,CT002,Drake-Vasquez,CL 038,8980 Cox Park,South Robert,NV,66099-6728,tylersheila@hicks.com,Teresa Doyle,Female,40-60,AU010,Europe,LO004,12954.0,5160.0,2909.0,469.0,28403.48,83916.17,Michael Camacho,EX007
C139,2023-04-21,2023-04-25,Instagram,CH004,Sales,CT002,"Green, Lloyd and Ball",CL 047,30284 Villarreal Passage Apt. 698,Brownshire,NV,89609-0041,wrightlucas@yahoo.com,Shelly Stafford,Female,60+,AU002,Europe,LO004,43938.0,4009.0,3759.0,56.0,18952.67,41261.33,Jesus Rivera,EX004
C140,2023-07-23,2023-08-10,Email,CH002,Sales,CT002,"Parker, Velasquez and Dixon",CL 036,33302 Fuller Lakes,West Christopher,MH,17095,hutchinsonmary@gmail.com,Brian George,Adults,18-40,AU001,Europe,LO004,50694.0,3108.0,2885.0,357.0,13190.31,51051.67,Aaron Faulkner,EX009
C141,2023-09-18,2023-09-28,Email,CH002,Sign Up,CT001,"Weaver, Garner and Ramos",CL 002,2933 Ortiz Overpass Suite 099,South Douglasburgh,KY,52632-7557,oscott@gmail.com,Melinda Johnston,Female,60+,AU002,India,LO008,49319.0,9521.0,697.0,266.0,2458.54,0.0,Brandon Townsend Jr.,EX002
C142,2023-07-08,2023-07-27,Facebook,CH005,Sign Up,CT001,Ross Group,CL 008,2397 Allison Knolls Suite 213,Jacksonside,WV,58803-3895,kristopher99@romero.org,Lauren Graham,Adults,18-40,AU001,UK,LO006,97772.0,8316.0,540.0,752.0,40395.83,0.0,Brandon Townsend Jr.,EX002
C143,2023-01-09,2023-01-27,TikTok,CH003,Sign Up,CT001,Fisher-Johnston,CL 063,36491 Jennifer Park Suite 248,East David,PA,71082-4715,rellis@lindsey.com,Timothy Hernandez,Seniors,60+,AU006,LATAM,LO002,87595.0,4184.0,1402.0,592.0,48570.38,0.0,Jesus Rivera,EX004
C144,2023-04-12,2023-05-02,YouTube,CH001,Sales,CT002,Ross Group,CL 008,2397 Allison Knolls Suite 213,Jacksonside,WV,58803-3895,kristopher99@romero.org,Lauren Graham,Male,40-60,AU003,Europe,LO004,39906.0,8350.0,2042.0,792.0,1884.75,23153.0,Brandon Townsend Jr.,EX002
C145,2023-08-11,2023-08-20,YouTube,CH001,Sales,CT002,"Reed, Galloway and Buck",CL 010,49317 Vincent Vista Suite 462,Port Nathan,CA,23364-0905,larrygraham@lucas.com,Andrea Simmons,Seniors,60+,AU006,Canada,LO003,8749.0,8044.0,1918.0,723.0,36205.42,73530.64,Wesley Simon,EX005
C146,2023-09-05,2023-09-09,Instagram,CH004,Sales,CT002,Thomas-Proctor,CL 031,820 Butler Streets Suite 875,North Denisehaven,WV,66736-0964,brownmario@leonard.com,Angela Moore,Female,60+,AU002,Europe,LO004,59166.0,5653.0,2471.0,173.0,10008.24,39601.27,Wesley Simon,EX005
C147,2023-04-08,2023-05-01,Instagram,CH004,Sales,CT002,Weaver-Hoover,CL 007,050 Andrews Green,North Renee,VT,22014-1131,jacqueline32@dominguez.biz,Kathy Mahoney,Male,40-60,AU003,Europe,LO004,12400.0,1249.0,4125.0,423.0,21033.62,35609.04,Brandon Townsend Jr.,EX002
C148,2023-10-23,2023-10-28,Instagram,CH004,Sales,CT002,Ramirez-Wilson,CL 011,6802 Scott Ways,Jasonbury,NM,94299-7873,robertellis@simpson-gutierrez.com,Christine Nguyen,Male,40-60,AU003,UK,LO006,91416.0,904.0,120.0,995.0,46517.58,76423.96,Becky Brown,EX006
C149,2023-02-26,2023-03-15,Facebook,CH005,Sales,CT002,Ross Group,CL 008,2397 Allison Knolls Suite 213,Jacksonside,WV,58803-3895,kristopher99@romero.org,Lauren Graham,Adults,18-40,AU001,USA,LO001,87420.0,3485.0,1375.0,355.0,31125.32,62712.6,Brandon Townsend Jr.,EX002
C150,2023-11-22,2023-12-16,YouTube,CH001,Sales,CT002,"Bradley, Jackson and Miller",CL 026,190 Bradley Mill Suite 940,Craigbury,MO,18832,hansonpatrick@hunt.com,Dr. David Glass Jr.,Adults,18-40,AU001,Canada,LO003,1246.0,2854.0,2681.0,237.0,31016.56,49724.97,Melissa Haynes,EX008
C151,2023-05-29,2023-06-07,Facebook,CH005,Sign Up,CT001,Jones LLC,CL 035,89103 Jennings Cape Suite 740,South Dianafort,FL,68504,norrisjames@pearson-burton.biz,Danielle Hernandez,Male,18-40,AU009,Australia,LO007,48611.0,5327.0,3995.0,125.0,47333.79,0.0,Aaron Faulkner,EX009
C152,2023-03-15,2023-03-29,Email,CH002,Sign Up,CT001,Jones LLC,CL 035,89103 Jennings Cape Suite 740,South Dianafort,FL,68504,norrisjames@pearson-burton.biz,Danielle Hernandez,Male,60+,AU005,India,LO008,38713.0,7248.0,4797.0,591.0,6982.46,0.0,Aaron Faulkner,EX009
C153,2023-03-16,2023-04-15,Email,CH002,Sign Up,CT001,Riley PLC,CL 018,699 Anderson Glen,Parkerside,AZ,15616-1374,jennifer09@york.org,Gary Reed,Male,18-40,AU009,Canada,LO003,63292.0,5144.0,3711.0,820.0,20456.45,0.0,Kyle Serrano,EX010
C154,2023-10-11,2023-10-30,Email,CH002,Sign Up,CT001,"Ramos, Gomez and Garcia",CL 056,PSC 8675,Box 2798,APO AA,AA 82949-7770,huntdavid@orr.info,Eric Harrison,Female,60+,AU002,Australia,LO007,71200.0,6169.0,885.0,644.0,12333.92,0.0,Kyle Serrano,EX010
C155,2023-04-22,2023-05-08,TikTok,CH003,Sign Up,CT001,"Ramos, Gomez and Garcia",CL 056,PSC 8675,Box 2798,APO AA,AA 82949-7770,huntdavid@orr.info,Eric Harrison,Male,18-40,AU009,UK,LO006,93858.0,5976.0,2038.0,453.0,26152.93,0.0,Kyle Serrano,EX010
C156,2023-04-16,2023-04-25,Instagram,CH004,Sales,CT002,Cunningham-Little,CL 042,Unit 5043 Box 8770,DPO AP 84852,,,christopher51@watson.net,Stephanie Fernandez,Male,18-40,AU009,Canada,LO003,2436.0,4183.0,3336.0,61.0,29075.12,23153.0,Becky Brown,EX006
C157,2023-07-15,2023-07-23,Facebook,CH005,Sales,CT002,"Holmes, Johnson and Rodriguez",CL 025,USCGC Erickson,FPO AE 00735-4383,,,polsen@alexander-smith.net,Anne Foley,Female,40-60,AU010,Australia,LO007,12554.0,3186.0,4516.0,961.0,36293.06,54448.93,Wesley Simon,EX005
C158,2023-04-21,2023-05-11,YouTube,CH001,Sign Up,CT001,Patterson and Sons,CL 006,0171 Patricia Street Suite 265,Frankmouth,MS,50700-0717,nataliemartinez@hotmail.com,Christopher Riggs,Female,18-40,AU004,Europe,LO004,53496.0,1843.0,2418.0,214.0,23970.4,0.0,Jesus Rivera,EX004
C159,2023-02-04,2023-02-24,Facebook,CH005,Sign Up,CT001,Thomas-Proctor,CL 031,820 Butler Streets Suite 875,North Denisehaven,WV,66736-0964,brownmario@leonard.com,Angela Moore,Seniors,60+,AU006,Japan,LO005,75218.0,1705.0,2982.0,738.0,36468.3,0.0,Wesley Simon,EX005
C160,2023-02-02,2023-02-20,TikTok,CH003,Sign Up,CT001,Anderson Inc,CL 034,Unit 0015 Box 7678,DPO AE 55030-2816,,,jgomez@gmail.com,Morgan Gross,Female,18-40,AU004,USA,LO001,24396.0,8189.0,2715.0,16.0,46545.06,0.0,Thomas Ryan,EX003
C161,2023-10-22,2023-11-18,Facebook,CH005,Sales,CT002,"James, Phelps and Burgess",CL 032,026 Good Ports Apt. 881,Port Adam,KY,82799-9255,edurham@hotmail.com,Vanessa Miranda,Seniors,60+,AU006,UK,LO006,49150.0,7368.0,1604.0,862.0,7243.96,49289.09,Lauren Riggs,EX001
C162,2023-07-28,2023-08-05,Instagram,CH004,Sign Up,CT001,Mitchell-Rojas,CL 064,Unit 7421 Box 5134,DPO AE 60814,,,johnathan43@hotmail.com,Benjamin Anthony,Seniors,60+,AU006,Australia,LO007,23703.0,6376.0,197.0,500.0,20596.88,0.0,Thomas Ryan,EX003
C163,2023-02-19,2023-03-07,TikTok,CH003,Sales,CT002,Riley PLC,CL 018,699 Anderson Glen,Parkerside,AZ,15616-1374,jennifer09@york.org,Gary Reed,Adults,40-60,AU007,Europe,LO004,28082.0,2268.0,1754.0,594.0,43702.01,28118.36,Kyle Serrano,EX010
C164,2023-10-02,2023-10-19,TikTok,CH003,Sales,CT002,Griffin Inc,CL 065,Unit 3822 Box 8338,DPO AE 21031-0227,,,dixonamber@hotmail.com,Theodore Murphy,Female,40-60,AU010,LATAM,LO002,37707.0,5014.0,4001.0,197.0,4266.85,45783.27,Brandon Townsend Jr.,EX002
C165,2023-04-17,2023-05-08,Email,CH002,Sales,CT002,Ross Group,CL 008,2397 Allison Knolls Suite 213,Jacksonside,WV,58803-3895,kristopher99@romero.org,Lauren Graham,Adults,40-60,AU007,Europe,LO004,94608.0,9974.0,1400.0,592.0,5387.04,51019.48,Brandon Townsend Jr.,EX002
C166,2023-09-28,2023-09-29,TikTok,CH003,Sales,CT002,Roberts-Howe,CL 066,64572 Dawn Forges Suite 455,South Samantha,PA,33248-5599,mckenziebrandon@allen.biz,Robert Mcintosh,Seniors,60+,AU006,USA,LO001,67499.0,4090.0,3585.0,148.0,23191.12,42857.49,Brandon Townsend Jr.,EX002
C167,2023-07-23,2023-07-29,Facebook,CH005,Sales,CT002,Mcbride-Finley,CL 029,438 Brent Roads Apt. 855,Tylerburgh,NY,69473,mcclainhannah@jensen-gilbert.com,Michael Freeman,Male,60+,AU005,Europe,LO004,82917.0,9737.0,3114.0,939.0,8138.62,23842.75,Jesus Rivera,EX004
C168,2023-08-09,2023-08-20,YouTube,CH001,Sign Up,CT001,Jackson Inc,CL 015,96299 Miller Spur,Jensenfurt,CA,97794-3156,jeremy09@yahoo.com,Karen Rivers,Adults,40-60,AU007,USA,LO001,47877.0,7991.0,2307.0,175.0,23919.36,0.0,Thomas Ryan,EX003
C169,2023-10-11,2023-10-13,Email,CH002,Sales,CT002,"Hunt, Woods and Saunders",CL 016,48531 Garcia Walk,Gonzalesville,WY,31844,rramsey@warren.com,April Brewer,Female,18-40,AU004,India,LO008,28210.0,1498.0,3794.0,592.0,22778.62,23153.0,Melissa Haynes,EX008
C170,2023-05-22,2023-05-29,Facebook,CH005,Sign Up,CT001,Nunez-Bowers,CL 020,6821 Walker Via Suite 228,Lake Jessica,NE,05036-1909,michelle44@yahoo.com,James Woods,Male,18-40,AU009,UK,LO006,23755.0,5121.0,3274.0,815.0,49741.71,0.0,Wesley Simon,EX005
C171,2023-04-28,2023-05-06,YouTube,CH001,Sign Up,CT001,White Ltd,CL 005,172 Angela Crescent Apt. 306,North Laura,HI,69094-7497,jeremy56@gmail.com,Nathan Weber,Male,40-60,AU003,UK,LO006,54018.0,374.0,1186.0,284.0,1701.86,0.0,Jesus Rivera,EX004
C172,2023-07-22,2023-08-19,YouTube,CH001,Sales,CT002,"Reed, Galloway and Buck",CL 010,49317 Vincent Vista Suite 462,Port Nathan,CA,23364-0905,larrygraham@lucas.com,Andrea Simmons,Female,60+,AU002,UK,LO006,12092.0,6445.0,2154.0,511.0,42170.89,71013.71,Wesley Simon,EX005
C173,2023-02-09,2023-03-03,Facebook,CH005,Sales,CT002,Herrera-Cook,CL 040,0613 David Haven Apt. 354,North Samantha,MI,10699-1384,ijordan@gmail.com,Madison York,Male,60+,AU005,Europe,LO004,75203.0,4396.0,1918.0,505.0,39487.08,57366.41,Wesley Simon,EX005
C174,2023-11-12,2023-12-02,Facebook,CH005,Sales,CT002,"James, Phelps and Burgess",CL 032,026 Good Ports Apt. 881,Port Adam,KY,82799-9255,edurham@hotmail.com,Vanessa Miranda,Female,40-60,AU010,Australia,LO007,59762.0,6135.0,4044.0,94.0,43596.2,40000.91,Lauren Riggs,EX001
C175,2023-06-14,2023-06-20,Instagram,CH004,Sign Up,CT001,Smith-Bailey,CL 012,055 Rebecca Ramp,Edwardsland,WY,72139-7625,bakerpaul@holland.com,Sharon Reeves,Seniors,60+,AU006,Japan,LO005,32641.0,1793.0,3483.0,901.0,45493.19,0.0,Michael Camacho,EX007
C176,2023-02-10,2023-02-19,TikTok,CH003,Sign Up,CT001,Jackson Inc,CL 015,96299 Miller Spur,Jensenfurt,CA,97794-3156,jeremy09@yahoo.com,Karen Rivers,Female,40-60,AU010,UK,LO006,77746.0,9647.0,2452.0,665.0,22122.28,0.0,Thomas Ryan,EX003
C177,2023-10-13,2023-10-22,Facebook,CH005,Sales,CT002,Hernandez Inc,CL 052,9452 Amber Mills,Lopezville,NV,94038-0838,uhansen@livingston.com,Traci Holden,Female,18-40,AU004,Australia,LO007,87194.0,1337.0,923.0,659.0,17887.91,39287.62,Melissa Haynes,EX008
C178,2023-10-20,2023-11-07,Instagram,CH004,Sales,CT002,Weaver-Hoover,CL 007,050 Andrews Green,North Renee,VT,22014-1131,jacqueline32@dominguez.biz,Kathy Mahoney,Female,60+,AU002,USA,LO001,34427.0,1902.0,4489.0,821.0,28959.86,23153.0,Brandon Townsend Jr.,EX002
C179,2023-11-22,2023-12-13,TikTok,CH003,Sales,CT002,"Holloway, Cox and Ford",CL 046,7800 Dorsey Tunnel Suite 734,West Tracy,UT,56027,joseph49@hodges-campbell.com,Dennis Carr,Male,40-60,AU003,Australia,LO007,80094.0,7263.0,1972.0,597.0,22708.63,97096.59,Brandon Townsend Jr.,EX002
C180,2023-07-01,2023-07-09,Instagram,CH004,Sign Up,CT001,"Cohen, Williams and Hess",CL 061,93243 Lee Loop Apt. 832,North Jonathanland,MP,43605-6685,shawn39@gmail.com,Mr. Nicholas Ramirez,Female,40-60,AU010,Canada,LO003,46655.0,7139.0,2139.0,665.0,30754.91,0.0,Jesus Rivera,EX004
C181,2023-08-02,2023-08-12,Email,CH002,Sales,CT002,Hernandez Inc,CL 052,9452 Amber Mills,Lopezville,NV,94038-0838,uhansen@livingston.com,Traci Holden,Seniors,60+,AU006,Europe,LO004,63272.0,7145.0,1919.0,13.0,41648.63,71293.59,Melissa Haynes,EX008
C182,2023-03-29,2023-04-12,Email,CH002,Sales,CT002,"Bradley, Jackson and Miller",CL 026,190 Bradley Mill Suite 940,Craigbury,MO,18832,hansonpatrick@hunt.com,Dr. David Glass Jr.,Seniors,60+,AU006,India,LO008,74470.0,9658.0,886.0,213.0,20672.06,65133.19,Melissa Haynes,EX008
C183,2023-12-19,2024-01-12,Instagram,CH004,Sign Up,CT001,Lewis-Martinez,CL 067,37059 Bates Prairie Suite 432,Port Robertmouth,MN,28374,joshua06@king.com,Angela Anderson,Adults,40-60,AU007,USA,LO001,90631.0,6306.0,4129.0,819.0,32809.16,0.0,Aaron Faulkner,EX009
C184,2023-07-28,2023-08-09,Email,CH002,Sales,CT002,Hernandez Inc,CL 052,9452 Amber Mills,Lopezville,NV,94038-0838,uhansen@livingston.com,Traci Holden,Teens,13-19,AU008,Europe,LO004,89367.0,8557.0,1981.0,179.0,6287.7,69249.23,Melissa Haynes,EX008
C185,2023-06-05,2023-06-06,Facebook,CH005,Sales,CT002,Cooper-Alexander,CL 039,01438 Kristin Fords Apt. 626,Port Paula,WA,20979-6415,gchavez@yang.com,Alexandria Hansen,Teens,13-19,AU008,UK,LO006,60018.0,1588.0,2700.0,739.0,15790.19,67176.71,Thomas Ryan,EX003
C186,2023-08-27,2023-09-15,Facebook,CH005,Sales,CT002,"Holloway, Cox and Ford",CL 046,7800 Dorsey Tunnel Suite 734,West Tracy,UT,56027,joseph49@hodges-campbell.com,Dennis Carr,Male,18-40,AU009,LATAM,LO002,8073.0,7789.0,1850.0,339.0,14431.01,78919.52,Brandon Townsend Jr.,EX002
C187,2023-08-24,2023-09-04,Facebook,CH005,Sign Up,CT001,Benjamin and Sons,CL 068,861 Knox Cape Apt. 731,Lake John,CA,62474,lrice@yahoo.com,Derek Juarez,Adults,18-40,AU001,UK,LO006,48590.0,4195.0,653.0,203.0,5748.2,0.0,Thomas Ryan,EX003
C188,2023-07-21,2023-08-04,TikTok,CH003,Sales,CT002,Patterson and Sons,CL 006,0171 Patricia Street Suite 265,Frankmouth,MS,50700-0717,nataliemartinez@hotmail.com,Christopher Riggs,Female,18-40,AU004,LATAM,LO002,61458.0,2177.0,2416.0,584.0,14190.96,63707.14,Jesus Rivera,EX004
C189,2023-05-16,2023-06-06,Email,CH002,Sales,CT002,Thomas-Proctor,CL 031,820 Butler Streets Suite 875,North Denisehaven,WV,66736-0964,brownmario@leonard.com,Angela Moore,Female,60+,AU002,LATAM,LO002,99087.0,6822.0,3819.0,420.0,13405.18,39797.62,Wesley Simon,EX005
C190,2023-01-26,2023-02-16,Email,CH002,Sales,CT002,Lewis-Martinez,CL 067,37059 Bates Prairie Suite 432,Port Robertmouth,MN,28374,joshua06@king.com,Angela Anderson,Adults,18-40,AU001,Europe,LO004,49466.0,7474.0,2053.0,57.0,1912.51,23153.0,Aaron Faulkner,EX009
C191,2023-06-22,2023-06-24,TikTok,CH003,Sales,CT002,Drake-Vasquez,CL 038,8980 Cox Park,South Robert,NV,66099-6728,tylersheila@hicks.com,Teresa Doyle,Female,60+,AU002,USA,LO001,93678.0,7274.0,3652.0,649.0,18128.96,28651.18,Michael Camacho,EX007
C192,2023-07-09,2023-07-21,Email,CH002,Sign Up,CT001,"Green, Lloyd and Ball",CL 047,30284 Villarreal Passage Apt. 698,Brownshire,NV,89609-0041,wrightlucas@yahoo.com,Shelly Stafford,Male,60+,AU005,Japan,LO005,89773.0,4425.0,486.0,322.0,29353.14,0.0,Jesus Rivera,EX004
C193,2023-06-23,2023-07-21,TikTok,CH003,Sales,CT002,White Ltd,CL 005,172 Angela Crescent Apt. 306,North Laura,HI,69094-7497,jeremy56@gmail.com,Nathan Weber,Teens,13-19,AU008,LATAM,LO002,47361.0,3617.0,2746.0,464.0,32207.95,44372.72,Jesus Rivera,EX004
C194,2023-12-28,2024-01-16,YouTube,CH001,Sales,CT002,"Miller, Bryant and Burnett",CL 037,1044 Kennedy Prairie Apt. 186,Jamiemouth,NE,12690-6573,bjohnson@martin-williams.com,Christopher Clark,Adults,40-60,AU007,Canada,LO003,17339.0,8987.0,926.0,832.0,38020.63,89150.46,Aaron Faulkner,EX009
C195,2023-02-06,2023-03-01,Email,CH002,Sales,CT002,Schneider PLC,CL 014,872 Davila Ville Apt. 985,Millerland,GA,42888,beasleycraig@yahoo.com,Stephen Murphy,Female,40-60,AU010,USA,LO001,28308.0,1037.0,4025.0,931.0,15802.31,40633.98,Lauren Riggs,EX001
C196,2023-05-20,2023-05-22,Instagram,CH004,Sales,CT002,Lyons PLC,CL 022,20804 Burgess Trace,Petersenburgh,WV,31082,nicholastaylor@yahoo.com,Sharon Crawford,Female,40-60,AU010,UK,LO006,63539.0,9009.0,2029.0,761.0,46852.46,39067.13,Lauren Riggs,EX001
C197,2023-01-11,2023-01-16,YouTube,CH001,Sales,CT002,Edwards-Hoover,CL 069,86879 Carol Cove,North Evanton,MT,25565,bryantmichelle@rocha.com,Erika Owens,Female,18-40,AU004,LATAM,LO002,26063.0,6230.0,1728.0,397.0,32269.17,23999.97,Melissa Haynes,EX008
C198,2023-04-02,2023-04-05,Facebook,CH005,Sign Up,CT001,Ramirez-Wilson,CL 011,6802 Scott Ways,Jasonbury,NM,94299-7873,robertellis@simpson-gutierrez.com,Christine Nguyen,Seniors,60+,AU006,Australia,LO007,2963.0,9069.0,618.0,878.0,4975.75,0.0,Becky Brown,EX006
C199,2023-08-03,2023-08-23,TikTok,CH003,Sales,CT002,Phillips-Lewis,CL 057,152 Munoz Spur,Richardbury,NE,64820-6682,ssullivan@yahoo.com,April Williams,Female,40-60,AU010,India,LO008,5038.0,4136.0,1650.0,963.0,25502.58,60398.33,Aaron Faulkner,EX009
C200,2023-10-03,2023-10-09,TikTok,CH003,Sign Up,CT001,Reed-Johnson,CL 070,01161 Mcintyre Burg,Robinsonport,CO,51964,stacy50@bates-martin.com,John Terrell,Teens,13-19,AU008,Japan,LO005,17385.0,276.0,4453.0,469.0,25380.81,0.0,Becky Brown,EX006
C201,2023-09-10,2023-09-27,YouTube,CH001,Sales,CT002,Jimenez and Sons,CL 048,8451 Walter Fords Apt. 737,South Danielchester,CT,12719-1372,amartinez@oconnell.com,Justin Cole,Adults,40-60,AU007,LATAM,LO002,79413.0,376.0,1563.0,655.0,17299.33,35247.21,Jesus Rivera,EX004
C202,2023-07-10,2023-08-08,TikTok,CH003,Sales,CT002,Lewis-Martinez,CL 067,37059 Bates Prairie Suite 432,Port Robertmouth,MN,28374,joshua06@king.com,Angela Anderson,Female,18-40,AU004,USA,LO001,90732.0,1599.0,2523.0,417.0,19551.47,50109.14,Aaron Faulkner,EX009
C203,2023-04-09,2023-05-08,YouTube,CH001,Sign Up,CT001,Melton-Smith,CL 045,03793 Jacobs Branch,West Max,MA,54633-3659,mercertimothy@huff.com,Patrick Abbott,Female,40-60,AU010,LATAM,LO002,52284.0,1868.0,2888.0,739.0,834.04,0.0,Lauren Riggs,EX001
C204,2023-02-01,2023-02-20,TikTok,CH003,Sales,CT002,"Holloway, Cox and Ford",CL 046,7800 Dorsey Tunnel Suite 734,West Tracy,UT,56027,joseph49@hodges-campbell.com,Dennis Carr,Female,40-60,AU010,USA,LO001,84652.0,6597.0,1061.0,970.0,44625.09,25485.48,Brandon Townsend Jr.,EX002
C205,2023-01-20,2023-01-24,YouTube,CH001,Sales,CT002,Schneider PLC,CL 014,872 Davila Ville Apt. 985,Millerland,GA,42888,beasleycraig@yahoo.com,Stephen Murphy,Adults,40-60,AU007,UK,LO006,95698.0,8011.0,1371.0,603.0,41473.06,75842.41,Lauren Riggs,EX001
C206,2023-12-27,2024-01-02,Facebook,CH005,Sales,CT002,Ross Group,CL 008,2397 Allison Knolls Suite 213,Jacksonside,WV,58803-3895,kristopher99@romero.org,Lauren Graham,Male,60+,AU005,LATAM,LO002,51935.0,6124.0,647.0,83.0,48130.34,23153.0,Brandon Townsend Jr.,EX002
C207,2023-03-22,2023-03-24,Email,CH002,Sales,CT002,Lyons PLC,CL 022,20804 Burgess Trace,Petersenburgh,WV,31082,nicholastaylor@yahoo.com,Sharon Crawford,Female,60+,AU002,UK,LO006,78926.0,7339.0,3223.0,841.0,13466.67,64645.06,Lauren Riggs,EX001
C208,2023-02-15,2023-03-06,Instagram,CH004,Sales,CT002,Jimenez and Sons,CL 048,8451 Walter Fords Apt. 737,South Danielchester,CT,12719-1372,amartinez@oconnell.com,Justin Cole,Female,60+,AU002,Europe,LO004,33431.0,1314.0,3343.0,414.0,49074.59,48805.02,Jesus Rivera,EX004
C209,2023-03-30,2023-04-24,TikTok,CH003,Sales,CT002,"Fox, Carter and Cunningham",CL 033,99919 Michelle Green Apt. 424,West Hannah,KY,63482-6699,bradymcclain@hotmail.com,Andre Manning,Adults,40-60,AU007,Australia,LO007,41557.0,9969.0,4913.0,105.0,24973.43,78132.02,Brandon Townsend Jr.,EX002
C210,2023-04-11,2023-04-25,Instagram,CH004,Sign Up,CT001,"Jones, Miranda and Martin",CL 055,45011 Marc Roads Apt. 548,Johnsonbury,NJ,40892,kristenhoward@yahoo.com,Christine Barnes,Male,60+,AU005,UK,LO006,71686.0,5027.0,2118.0,418.0,16370.76,0.0,Thomas Ryan,EX003
C211,2023-09-09,2023-09-10,YouTube,CH001,Sales,CT002,"Noble, Mcneil and Cooper",CL 009,36911 Gay Streets Suite 795,Brentmouth,LA,62951-4782,sarahparks@yahoo.com,Mark Garcia,Male,40-60,AU003,Europe,LO004,93126.0,8387.0,397.0,593.0,1678.84,39619.23,Wesley Simon,EX005
C212,2023-08-26,2023-09-19,Facebook,CH005,Sales,CT002,"Weaver, Garner and Ramos",CL 002,2933 Ortiz Overpass Suite 099,South Douglasburgh,KY,52632-7557,oscott@gmail.com,Melinda Johnston,Female,18-40,AU004,Japan,LO005,87849.0,9115.0,2807.0,855.0,24941.38,74813.35,Brandon Townsend Jr.,EX002
C213,2023-04-26,2023-05-07,Facebook,CH005,Sales,CT002,Hernandez Inc,CL 052,9452 Amber Mills,Lopezville,NV,94038-0838,uhansen@livingston.com,Traci Holden,Male,60+,AU005,Canada,LO003,22504.0,2483.0,4581.0,161.0,46360.11,48054.63,Melissa Haynes,EX008
C214,2023-02-18,2023-03-03,TikTok,CH003,Sign Up,CT001,Lewis-Martinez,CL 067,37059 Bates Prairie Suite 432,Port Robertmouth,MN,28374,joshua06@king.com,Angela Anderson,Teens,13-19,AU008,Australia,LO007,19514.0,5399.0,2864.0,114.0,25885.48,0.0,Aaron Faulkner,EX009
C215,2023-09-05,2023-09-14,TikTok,CH003,Sales,CT002,Herrera-Cook,CL 040,0613 David Haven Apt. 354,North Samantha,MI,10699-1384,ijordan@gmail.com,Madison York,Male,40-60,AU003,Europe,LO004,87046.0,2283.0,3926.0,574.0,27420.15,59999.75,Wesley Simon,EX005
C216,2023-01-12,2023-01-30,Facebook,CH005,Sales,CT002,Vaughan Group,CL 051,PSC 0937,Box 0339,APO AP,AP 98521,baldwinhailey@klein-fitzgerald.com,Ashley Carter,Female,60+,AU002,UK,LO006,50518.0,8988.0,3618.0,742.0,30734.25,52316.05,Jesus Rivera,EX004
C217,2023-07-13,2023-07-16,Email,CH002,Sign Up,CT001,Griffin Inc,CL 065,Unit 3822 Box 8338,DPO AE 21031-0227,,,dixonamber@hotmail.com,Theodore Murphy,Female,60+,AU002,India,LO008,96158.0,3966.0,4234.0,988.0,37725.4,0.0,Brandon Townsend Jr.,EX002
C218,2023-05-11,2023-05-15,TikTok,CH003,Sales,CT002,Roberts-Brown,CL 019,725 Peter Lights Apt. 639,South Janet,WV,83873-6339,nguyendustin@gmail.com,Samantha Hudson,Adults,18-40,AU001,Japan,LO005,38018.0,494.0,3583.0,409.0,29241.84,82233.85,Thomas Ryan,EX003
C219,2023-03-24,2023-04-12,YouTube,CH001,Sign Up,CT001,Ramirez-Wilson,CL 011,6802 Scott Ways,Jasonbury,NM,94299-7873,robertellis@simpson-gutierrez.com,Christine Nguyen,Seniors,60+,AU006,USA,LO001,93611.0,4481.0,3879.0,145.0,28487.5,0.0,Becky Brown,EX006
C220,2023-07-27,2023-07-28,TikTok,CH003,Sales,CT002,"Reed, Galloway and Buck",CL 010,49317 Vincent Vista Suite 462,Port Nathan,CA,23364-0905,larrygraham@lucas.com,Andrea Simmons,Seniors,60+,AU006,UK,LO006,48884.0,8732.0,2697.0,733.0,13783.31,48258.82,Wesley Simon,EX005
C221,2023-05-03,2023-05-17,TikTok,CH003,Sales,CT002,Anderson Inc,CL 034,Unit 0015 Box 7678,DPO AE 55030-2816,,,jgomez@gmail.com,Morgan Gross,Adults,18-40,AU001,Japan,LO005,26525.0,654.0,3983.0,470.0,2085.65,50238.41,Thomas Ryan,EX003
C222,2023-09-21,2023-10-09,Email,CH002,Sign Up,CT001,Patterson and Sons,CL 006,0171 Patricia Street Suite 265,Frankmouth,MS,50700-0717,nataliemartinez@hotmail.com,Christopher Riggs,Adults,40-60,AU007,UK,LO006,43919.0,3920.0,2321.0,874.0,39934.57,0.0,Jesus Rivera,EX004
C223,2023-11-10,2023-11-18,YouTube,CH001,Sales,CT002,Lewis PLC,CL 013,621 Woodard Manors Apt. 208,Port Amy,ME,05157-2612,beth20@gmail.com,Diana Love,Male,60+,AU005,India,LO008,76705.0,8816.0,433.0,191.0,24797.91,84642.66,Thomas Ryan,EX003
C224,2023-01-11,2023-01-30,Email,CH002,Sign Up,CT001,"Ruiz, Cox and Meyer",CL 071,5058 Frank Locks,Blackmouth,MI,7896,vjohnson@yahoo.com,Anne Davis,Male,60+,AU005,LATAM,LO002,31051.0,4678.0,511.0,619.0,3159.33,0.0,Aaron Faulkner,EX009
C225,2023-05-19,2023-06-15,Email,CH002,Sales,CT002,"Hunt, Woods and Saunders",CL 016,48531 Garcia Walk,Gonzalesville,WY,31844,rramsey@warren.com,April Brewer,Male,18-40,AU009,UK,LO006,20061.0,5171.0,3913.0,724.0,44366.1,74727.34,Melissa Haynes,EX008
C226,2023-09-29,2023-10-23,Facebook,CH005,Sign Up,CT001,Reed-Johnson,CL 070,01161 Mcintyre Burg,Robinsonport,CO,51964,stacy50@bates-martin.com,John Terrell,Female,18-40,AU004,Canada,LO003,93816.0,8182.0,735.0,570.0,22458.34,0.0,Becky Brown,EX006
C227,2023-06-30,2023-07-23,Email,CH002,Sales,CT002,"Holloway, Cox and Ford",CL 046,7800 Dorsey Tunnel Suite 734,West Tracy,UT,56027,joseph49@hodges-campbell.com,Dennis Carr,Seniors,60+,AU006,UK,LO006,33137.0,6620.0,150.0,558.0,24859.4,34485.8,Brandon Townsend Jr.,EX002
C228,2023-09-07,2023-09-20,Facebook,CH005,Sales,CT002,"Brown, Lawrence and Collins",CL 054,069 Jeffrey Neck,North Jeffreyberg,VI,70669-3291,tracyfields@evans.com,Thomas Fleming,Male,40-60,AU003,USA,LO001,58386.0,5027.0,3557.0,309.0,43293.8,50416.29,Michael Camacho,EX007
C229,2023-06-02,2023-06-16,TikTok,CH003,Sales,CT002,Gray Ltd,CL 024,Unit 4555 Box 7398,DPO AE 23911-7290,,,owenmelinda@yahoo.com,Mark Long,Adults,40-60,AU007,UK,LO006,16137.0,9136.0,1614.0,210.0,24679.21,26191.6,Jesus Rivera,EX004
C230,2023-03-20,2023-03-27,YouTube,CH001,Sales,CT002,"Hernandez, Keller and Berry",CL 072,Unit 2637 Box 1240,DPO AE 48178,,,mary90@yahoo.com,Kristin Carson,Male,18-40,AU009,Europe,LO004,75241.0,517.0,4189.0,469.0,18198.94,83450.32,Thomas Ryan,EX003
C231,2023-05-18,2023-06-06,Email,CH002,Sales,CT002,Mitchell-Rojas,CL 064,Unit 7421 Box 5134,DPO AE 60814,,,johnathan43@hotmail.com,Benjamin Anthony,Male,60+,AU005,Japan,LO005,75825.0,3926.0,2033.0,258.0,24846.22,25474.81,Thomas Ryan,EX003
C232,2023-01-19,2023-02-16,Facebook,CH005,Sales,CT002,"Ramos, Gomez and Garcia",CL 056,PSC 8675,Box 2798,APO AA,AA 82949-7770,huntdavid@orr.info,Eric Harrison,Female,18-40,AU004,Australia,LO007,60294.0,9400.0,3909.0,839.0,9326.99,50731.16,Kyle Serrano,EX010
C233,2023-08-18,2023-08-26,Email,CH002,Sales,CT002,Schneider PLC,CL 014,872 Davila Ville Apt. 985,Millerland,GA,42888,beasleycraig@yahoo.com,Stephen Murphy,Adults,18-40,AU001,Europe,LO004,53223.0,9372.0,4037.0,443.0,20408.5,66230.32,Lauren Riggs,EX001
C234,2023-05-22,2023-06-20,Facebook,CH005,Sales,CT002,"Arnold, Smith and Ward",CL 058,Unit 2316 Box 4709,DPO AA 90463-5066,,,michelle93@pineda-small.com,Karen Bryan,Male,60+,AU005,Europe,LO004,70305.0,4081.0,2324.0,426.0,7540.35,58938.33,Jesus Rivera,EX004
C235,2023-05-04,2023-05-20,YouTube,CH001,Sign Up,CT001,Roberts-Brown,CL 019,725 Peter Lights Apt. 639,South Janet,WV,83873-6339,nguyendustin@gmail.com,Samantha Hudson,Male,40-60,AU003,Europe,LO004,91895.0,5610.0,913.0,300.0,38428.43,0.0,Thomas Ryan,EX003
C236,2023-03-10,2023-04-05,Instagram,CH004,Sales,CT002,Lewis PLC,CL 013,621 Woodard Manors Apt. 208,Port Amy,ME,05157-2612,beth20@gmail.com,Diana Love,Female,60+,AU002,USA,LO001,41426.0,6642.0,2018.0,598.0,23287.94,42134.82,Thomas Ryan,EX003
C237,2023-04-12,2023-04-20,TikTok,CH003,Sales,CT002,Wall-Cruz,CL 073,7470 Harris Roads Suite 137,Brookefort,MP,32507,davidponce@turner-copeland.com,Robert Cruz,Female,18-40,AU004,India,LO008,1182.0,8784.0,4893.0,631.0,28795.37,63003.12,Becky Brown,EX006
C238,2023-11-24,2023-12-19,Instagram,CH004,Sales,CT002,Salinas-Chavez,CL 003,53637 Bonnie Walk Suite 961,South Adrianaport,IA,49560,richard84@hotmail.com,Chelsea Hoffman,Adults,18-40,AU001,Japan,LO005,7341.0,4379.0,2347.0,815.0,32122.01,23153.0,Thomas Ryan,EX003
C239,2023-08-08,2023-08-17,Instagram,CH004,Sales,CT002,Lyons PLC,CL 022,20804 Burgess Trace,Petersenburgh,WV,31082,nicholastaylor@yahoo.com,Sharon Crawford,Female,60+,AU002,UK,LO006,49227.0,5760.0,1189.0,669.0,3663.51,53507.5,Lauren Riggs,EX001
C240,2023-10-01,2023-10-07,TikTok,CH003,Sales,CT002,"Arnold, Smith and Ward",CL 058,Unit 2316 Box 4709,DPO AA 90463-5066,,,michelle93@pineda-small.com,Karen Bryan,Teens,13-19,AU008,Japan,LO005,18306.0,2551.0,3790.0,192.0,40526.03,31321.06,Jesus Rivera,EX004
C241,2023-07-02,2023-07-28,Instagram,CH004,Sign Up,CT001,"Bradley, Jackson and Miller",CL 026,190 Bradley Mill Suite 940,Craigbury,MO,18832,hansonpatrick@hunt.com,Dr. David Glass Jr.,Teens,13-19,AU008,UK,LO006,39779.0,301.0,2969.0,778.0,25050.42,0.0,Melissa Haynes,EX008
C242,2023-03-24,2023-04-21,YouTube,CH001,Sign Up,CT001,Patterson and Sons,CL 006,0171 Patricia Street Suite 265,Frankmouth,MS,50700-0717,nataliemartinez@hotmail.com,Christopher Riggs,Female,18-40,AU004,India,LO008,49274.0,7642.0,864.0,546.0,45462.95,0.0,Jesus Rivera,EX004
C243,2023-04-08,2023-04-25,TikTok,CH003,Sales,CT002,Edwards LLC,CL 043,123 Amanda Summit,Lake Marietown,IL,81773-5493,tinamckay@sharp-smith.com,Matthew Davis,Male,60+,AU005,Canada,LO003,57194.0,4740.0,1387.0,426.0,22195.76,79503.33,Melissa Haynes,EX008
C244,2023-11-25,2023-12-08,Email,CH002,Sales,CT002,"Salinas, Rodriguez and Bowman",CL 074,04604 Davidson Underpass Apt. 439,Lake Tiffany,DC,35416,gutierrezjames@yahoo.com,Laura Caldwell,Male,18-40,AU009,UK,LO006,45050.0,785.0,3276.0,955.0,14095.29,106615.39,Thomas Ryan,EX003
C245,2023-12-01,2023-12-29,TikTok,CH003,Sales,CT002,Reyes-Rios,CL 030,49937 Christopher Unions,Gutierrezmouth,MI,13751-5785,cunninghamjerry@gmail.com,Eric Davis,Male,40-60,AU003,LATAM,LO002,18222.0,2139.0,2232.0,546.0,2704.04,48056.86,Wesley Simon,EX005
C246,2023-11-24,2023-12-07,Instagram,CH004,Sign Up,CT001,Vaughan Group,CL 051,PSC 0937,Box 0339,APO AP,AP 98521,baldwinhailey@klein-fitzgerald.com,Ashley Carter,Adults,18-40,AU001,India,LO008,41919.0,5266.0,2162.0,60.0,48198.53,0.0,Jesus Rivera,EX004
C247,2023-07-05,2023-07-17,TikTok,CH003,Sales,CT002,"Hernandez, Keller and Berry",CL 072,Unit 2637 Box 1240,DPO AE 48178,,,mary90@yahoo.com,Kristin Carson,Female,40-60,AU010,India,LO008,49487.0,5232.0,290.0,503.0,31751.24,54182.86,Thomas Ryan,EX003
C248,2023-11-28,2023-12-03,TikTok,CH003,Sales,CT002,"Russell, Wilson and Rogers",CL 004,27907 Deborah Hill Suite 235,Abigailbury,CO,58408,michael78@yahoo.com,Michael Howard,Female,60+,AU002,Europe,LO004,48676.0,6957.0,1404.0,67.0,48003.68,51338.83,Thomas Ryan,EX003
C249,2023-10-25,2023-11-08,Facebook,CH005,Sign Up,CT001,"Cohen, Williams and Hess",CL 061,93243 Lee Loop Apt. 832,North Jonathanland,MP,43605-6685,shawn39@gmail.com,Mr. Nicholas Ramirez,Female,60+,AU002,USA,LO001,3552.0,2267.0,2193.0,776.0,5731.82,0.0,Jesus Rivera,EX004
C250,2023-07-02,2023-07-10,YouTube,CH001,Sales,CT002,Herrera-Cook,CL 040,0613 David Haven Apt. 354,North Samantha,MI,10699-1384,ijordan@gmail.com,Madison York,Female,18-40,AU004,USA,LO001,6999.0,5059.0,1520.0,870.0,15337.51,30077.82,Wesley Simon,EX005
C251,2023-05-23,2023-05-24,Facebook,CH005,Sales,CT002,"Morris, Johnson and Anderson",CL 021,065 John Street,West Adamchester,NV,72944-3914,johnsondonald@meyer.com,Sandy Mathis,Male,40-60,AU003,Japan,LO005,50597.0,6044.0,4848.0,829.0,47775.13,56296.21,Kyle Serrano,EX010
C252,2023-02-03,2023-02-15,Email,CH002,Sign Up,CT001,Jones LLC,CL 035,89103 Jennings Cape Suite 740,South Dianafort,FL,68504,norrisjames@pearson-burton.biz,Danielle Hernandez,Female,18-40,AU004,India,LO008,44685.0,7146.0,2472.0,195.0,34858.39,0.0,Aaron Faulkner,EX009
C253,2023-03-30,2023-04-23,YouTube,CH001,Sales,CT002,Harmon Inc,CL 075,3532 Carla Spurs Suite 631,East Susanside,VA,63110-6508,steven77@miller.com,Heidi Black,Teens,13-19,AU008,Canada,LO003,69497.0,4449.0,2161.0,661.0,33824.73,46755.01,Kyle Serrano,EX010
C254,2023-12-28,2024-01-08,YouTube,CH001,Sales,CT002,Melton-Smith,CL 045,03793 Jacobs Branch,West Max,MA,54633-3659,mercertimothy@huff.com,Patrick Abbott,Female,40-60,AU010,UK,LO006,42913.0,8735.0,2052.0,156.0,43875.02,29269.43,Lauren Riggs,EX001
C255,2023-11-29,2023-12-17,Email,CH002,Sales,CT002,Lopez PLC,CL 001,0806 Watson Drive Suite 662,Port Andrea,DE,42578-2286,zmcintyre@bauer.info,Barbara Walker,Adults,18-40,AU001,LATAM,LO002,92432.0,3803.0,2670.0,899.0,2443.89,71667.2,Lauren Riggs,EX001
C256,2023-02-26,2023-03-21,TikTok,CH003,Sales,CT002,Fisher Group,CL 023,880 Watson Ramp Suite 059,Reynoldsfurt,GU,10725,brian57@hotmail.com,Jeremy Baker,Female,18-40,AU004,USA,LO001,29162.0,3113.0,405.0,884.0,42149.82,54315.81,Melissa Haynes,EX008
C257,2023-06-19,2023-07-08,Facebook,CH005,Sign Up,CT001,Hughes-Sullivan,CL 076,5874 Guerra Courts Suite 368,South Codyhaven,OR,93465,williamsnathaniel@yahoo.com,Roy Obrien,Adults,18-40,AU001,UK,LO006,70893.0,1460.0,108.0,918.0,12450.96,0.0,Brandon Townsend Jr.,EX002
C258,2023-12-08,2023-12-22,Facebook,CH005,Sales,CT002,"Rowe, Morse and Morgan",CL 059,247 Young Spur,North Jacobview,WI,24275,hstafford@yahoo.com,Destiny Atkins,Adults,40-60,AU007,Canada,LO003,10409.0,2284.0,698.0,578.0,18122.36,30568.35,Becky Brown,EX006
C259,2023-11-25,2023-12-14,TikTok,CH003,Sign Up,CT001,Lyons PLC,CL 022,20804 Burgess Trace,Petersenburgh,WV,31082,nicholastaylor@yahoo.com,Sharon Crawford,Seniors,60+,AU006,LATAM,LO002,64277.0,2793.0,2892.0,211.0,25246.47,0.0,Lauren Riggs,EX001
C260,2023-03-19,2023-04-05,TikTok,CH003,Sales,CT002,"Holloway, Cox and Ford",CL 046,7800 Dorsey Tunnel Suite 734,West Tracy,UT,56027,joseph49@hodges-campbell.com,Dennis Carr,Male,60+,AU005,USA,LO001,52085.0,5853.0,2313.0,83.0,9598.66,42383.64,Brandon Townsend Jr.,EX002
C261,2023-02-17,2023-02-21,Email,CH002,Sales,CT002,"Weaver, Garner and Ramos",CL 002,2933 Ortiz Overpass Suite 099,South Douglasburgh,KY,52632-7557,oscott@gmail.com,Melinda Johnston,Male,18-40,AU009,Europe,LO004,11318.0,7532.0,419.0,227.0,46395.27,72293.18,Brandon Townsend Jr.,EX002
C262,2023-01-26,2023-02-04,YouTube,CH001,Sign Up,CT001,Weaver-Hoover,CL 007,050 Andrews Green,North Renee,VT,22014-1131,jacqueline32@dominguez.biz,Kathy Mahoney,Female,40-60,AU010,Australia,LO007,38312.0,9046.0,1095.0,383.0,19841.55,0.0,Brandon Townsend Jr.,EX002
C263,2023-05-18,2023-06-05,Email,CH002,Sales,CT002,Riley PLC,CL 018,699 Anderson Glen,Parkerside,AZ,15616-1374,jennifer09@york.org,Gary Reed,Seniors,60+,AU006,Europe,LO004,29780.0,7666.0,1319.0,288.0,19213.68,73372.25,Kyle Serrano,EX010
C264,2023-10-06,2023-11-02,Facebook,CH005,Sign Up,CT001,Reyes-Rios,CL 030,49937 Christopher Unions,Gutierrezmouth,MI,13751-5785,cunninghamjerry@gmail.com,Eric Davis,Adults,18-40,AU001,Canada,LO003,16680.0,1429.0,4901.0,785.0,25834.85,0.0,Wesley Simon,EX005
C265,2023-10-02,2023-10-15,YouTube,CH001,Sign Up,CT001,Pearson-Shah,CL 077,5117 Suzanne Branch,Barnesmouth,VA,53846,anthony54@perez.com,Shannon Martinez,Male,18-40,AU009,Japan,LO005,78790.0,3047.0,4540.0,154.0,35104.71,0.0,Jesus Rivera,EX004
C266,2023-12-15,2024-01-01,TikTok,CH003,Sales,CT002,Reyes-Rios,CL 030,49937 Christopher Unions,Gutierrezmouth,MI,13751-5785,cunninghamjerry@gmail.com,Eric Davis,Teens,13-19,AU008,Europe,LO004,47138.0,5670.0,753.0,209.0,8919.17,74530.88,Wesley Simon,EX005
C267,2023-06-11,2023-06-12,Instagram,CH004,Sales,CT002,"Jones, Miranda and Martin",CL 055,45011 Marc Roads Apt. 548,Johnsonbury,NJ,40892,kristenhoward@yahoo.com,Christine Barnes,Male,40-60,AU003,USA,LO001,46229.0,388.0,3594.0,65.0,9698.99,74181.57,Thomas Ryan,EX003
C268,2023-12-24,2024-01-04,Facebook,CH005,Sign Up,CT001,Lyons PLC,CL 022,20804 Burgess Trace,Petersenburgh,WV,31082,nicholastaylor@yahoo.com,Sharon Crawford,Female,18-40,AU004,Japan,LO005,55356.0,9752.0,3522.0,9.0,41521.94,0.0,Lauren Riggs,EX001
C269,2023-01-18,2023-01-28,YouTube,CH001,Sales,CT002,Lewis PLC,CL 013,621 Woodard Manors Apt. 208,Port Amy,ME,05157-2612,beth20@gmail.com,Diana Love,Female,18-40,AU004,USA,LO001,49440.0,7366.0,4549.0,115.0,37006.86,61245.4,Thomas Ryan,EX003
C270,2023-06-22,2023-07-11,Instagram,CH004,Sales,CT002,"Fox, Carter and Cunningham",CL 033,99919 Michelle Green Apt. 424,West Hannah,KY,63482-6699,bradymcclain@hotmail.com,Andre Manning,Seniors,60+,AU006,Europe,LO004,54282.0,8645.0,4654.0,945.0,47381.95,66880.46,Brandon Townsend Jr.,EX002
C271,2023-06-02,2023-06-30,TikTok,CH003,Sign Up,CT001,Herrera-Cook,CL 040,0613 David Haven Apt. 354,North Samantha,MI,10699-1384,ijordan@gmail.com,Madison York,Adults,40-60,AU007,Japan,LO005,60243.0,1886.0,1459.0,479.0,6350.77,0.0,Wesley Simon,EX005
C272,2023-05-22,2023-06-11,Facebook,CH005,Sales,CT002,"Morris, Johnson and Anderson",CL 021,065 John Street,West Adamchester,NV,72944-3914,johnsondonald@meyer.com,Sandy Mathis,Male,18-40,AU009,Japan,LO005,44967.0,7515.0,4479.0,576.0,49165.84,70483.49,Kyle Serrano,EX010
C273,2023-07-28,2023-08-08,TikTok,CH003,Sign Up,CT001,Jackson Inc,CL 015,96299 Miller Spur,Jensenfurt,CA,97794-3156,jeremy09@yahoo.com,Karen Rivers,Female,60+,AU002,India,LO008,40872.0,3804.0,4711.0,553.0,18294.51,0.0,Thomas Ryan,EX003
C274,2023-04-19,2023-05-14,YouTube,CH001,Sign Up,CT001,"Holloway, Cox and Ford",CL 046,7800 Dorsey Tunnel Suite 734,West Tracy,UT,56027,joseph49@hodges-campbell.com,Dennis Carr,Male,18-40,AU009,India,LO008,19926.0,1565.0,1665.0,502.0,33168.43,0.0,Brandon Townsend Jr.,EX002
C275,2023-01-11,2023-02-02,TikTok,CH003,Sales,CT002,"Ramos, Gomez and Garcia",CL 056,PSC 8675,Box 2798,APO AA,AA 82949-7770,huntdavid@orr.info,Eric Harrison,Male,60+,AU005,India,LO008,9413.0,601.0,433.0,393.0,13779.68,45385.97,Kyle Serrano,EX010
C276,2023-04-29,2023-05-12,Instagram,CH004,Sales,CT002,Lewis-Martinez,CL 067,37059 Bates Prairie Suite 432,Port Robertmouth,MN,28374,joshua06@king.com,Angela Anderson,Female,18-40,AU004,Europe,LO004,86592.0,176.0,622.0,133.0,42298.12,47465.61,Aaron Faulkner,EX009
C277,2023-03-06,2023-03-25,Instagram,CH004,Sales,CT002,Wade PLC,CL 041,3571 Harvey Centers,Ronaldfurt,NY,35589-6805,nhall@hotmail.com,Lacey Crane,Male,60+,AU005,UK,LO006,88603.0,3637.0,4448.0,436.0,1521.88,45547.23,Lauren Riggs,EX001
C278,2023-06-25,2023-07-05,Email,CH002,Sales,CT002,Reyes-Rios,CL 030,49937 Christopher Unions,Gutierrezmouth,MI,13751-5785,cunninghamjerry@gmail.com,Eric Davis,Adults,40-60,AU007,USA,LO001,7433.0,5626.0,2456.0,427.0,35126.7,73654.2,Wesley Simon,EX005
C279,2023-05-29,2023-05-30,YouTube,CH001,Sales,CT002,Pearson-Shah,CL 077,5117 Suzanne Branch,Barnesmouth,VA,53846,anthony54@perez.com,Shannon Martinez,Teens,13-19,AU008,Australia,LO007,49501.0,7596.0,1874.0,243.0,23405.52,42724.19,Jesus Rivera,EX004
C280,2023-11-30,2023-12-27,Email,CH002,Sales,CT002,Walter Ltd,CL 017,591 Gallegos Shore,East Jennifer,VT,67675,gravessusan@gonzalez.com,Sarah Warren,Female,40-60,AU010,LATAM,LO002,29954.0,5314.0,2521.0,376.0,32658.57,63205.99,Aaron Faulkner,EX009
C281,2023-02-28,2023-03-29,Facebook,CH005,Sign Up,CT001,Reed-Johnson,CL 070,01161 Mcintyre Burg,Robinsonport,CO,51964,stacy50@bates-martin.com,John Terrell,Male,60+,AU005,Australia,LO007,50133.0,2819.0,2190.0,788.0,5045.36,0.0,Becky Brown,EX006
C282,2023-06-25,2023-07-18,Facebook,CH005,Sign Up,CT001,"Holloway, Cox and Ford",CL 046,7800 Dorsey Tunnel Suite 734,West Tracy,UT,56027,joseph49@hodges-campbell.com,Dennis Carr,Female,60+,AU002,India,LO008,60550.0,896.0,4112.0,400.0,25131.41,0.0,Brandon Townsend Jr.,EX002
C283,2023-12-08,2023-12-19,Email,CH002,Sales,CT002,"Morris, Johnson and Anderson",CL 021,065 John Street,West Adamchester,NV,72944-3914,johnsondonald@meyer.com,Sandy Mathis,Female,18-40,AU004,USA,LO001,55597.0,183.0,2812.0,112.0,36218.33,26221.69,Kyle Serrano,EX010
C284,2023-05-24,2023-06-17,YouTube,CH001,Sales,CT002,Cooper-Alexander,CL 039,01438 Kristin Fords Apt. 626,Port Paula,WA,20979-6415,gchavez@yang.com,Alexandria Hansen,Adults,40-60,AU007,UK,LO006,1635.0,6010.0,2903.0,655.0,22870.55,80901.69,Thomas Ryan,EX003
C285,2023-07-19,2023-08-09,Instagram,CH004,Sales,CT002,Jimenez and Sons,CL 048,8451 Walter Fords Apt. 737,South Danielchester,CT,12719-1372,amartinez@oconnell.com,Justin Cole,Female,60+,AU002,UK,LO006,47051.0,4195.0,3301.0,638.0,7636.7,78795.77,Jesus Rivera,EX004
C286,2023-01-19,2023-02-17,Email,CH002,Sales,CT002,Edwards LLC,CL 043,123 Amanda Summit,Lake Marietown,IL,81773-5493,tinamckay@sharp-smith.com,Matthew Davis,Female,40-60,AU010,Europe,LO004,86575.0,3507.0,4583.0,848.0,31135.38,72241.75,Melissa Haynes,EX008
C287,2023-04-12,2023-04-26,YouTube,CH001,Sign Up,CT001,"Jones, Miranda and Martin",CL 055,45011 Marc Roads Apt. 548,Johnsonbury,NJ,40892,kristenhoward@yahoo.com,Christine Barnes,Teens,13-19,AU008,LATAM,LO002,78607.0,2227.0,118.0,533.0,7123.0,0.0,Thomas Ryan,EX003
C288,2023-01-28,2023-02-23,Email,CH002,Sales,CT002,White Ltd,CL 005,172 Angela Crescent Apt. 306,North Laura,HI,69094-7497,jeremy56@gmail.com,Nathan Weber,Female,40-60,AU010,LATAM,LO002,88620.0,2517.0,923.0,782.0,21730.71,24258.78,Jesus Rivera,EX004
C289,2023-03-22,2023-04-21,Instagram,CH004,Sales,CT002,Ramirez-Wilson,CL 011,6802 Scott Ways,Jasonbury,NM,94299-7873,robertellis@simpson-gutierrez.com,Christine Nguyen,Male,60+,AU005,Canada,LO003,23729.0,5216.0,3157.0,195.0,27155.8,94962.33,Becky Brown,EX006
C290,2023-09-13,2023-10-04,Facebook,CH005,Sales,CT002,Reed-Johnson,CL 070,01161 Mcintyre Burg,Robinsonport,CO,51964,stacy50@bates-martin.com,John Terrell,Seniors,60+,AU006,India,LO008,59959.0,1179.0,1717.0,375.0,38813.68,65491.17,Becky Brown,EX006
C291,2023-10-24,2023-11-18,Instagram,CH004,Sign Up,CT001,Anderson Inc,CL 034,Unit 0015 Box 7678,DPO AE 55030-2816,,,jgomez@gmail.com,Morgan Gross,Seniors,60+,AU006,India,LO008,46400.0,1744.0,2307.0,693.0,22702.47,0.0,Thomas Ryan,EX003
C292,2023-12-23,2023-12-25,Instagram,CH004,Sales,CT002,"Hernandez, Keller and Berry",CL 072,Unit 2637 Box 1240,DPO AE 48178,,,mary90@yahoo.com,Kristin Carson,Adults,40-60,AU007,UK,LO006,91497.0,8424.0,4850.0,667.0,22472.58,74148.35,Thomas Ryan,EX003
C293,2023-10-16,2023-10-23,YouTube,CH001,Sales,CT002,Drake-Vasquez,CL 038,8980 Cox Park,South Robert,NV,66099-6728,tylersheila@hicks.com,Teresa Doyle,Male,60+,AU005,Australia,LO007,2264.0,3548.0,2766.0,527.0,18305.89,50170.13,Michael Camacho,EX007
C294,2023-11-20,2023-12-02,Instagram,CH004,Sales,CT002,Mitchell-Rojas,CL 064,Unit 7421 Box 5134,DPO AE 60814,,,johnathan43@hotmail.com,Benjamin Anthony,Adults,40-60,AU007,Europe,LO004,32046.0,3670.0,681.0,273.0,44367.51,33801.45,Thomas Ryan,EX003
C295,2023-06-08,2023-06-18,Instagram,CH004,Sales,CT002,"Rowe, Morse and Morgan",CL 059,247 Young Spur,North Jacobview,WI,24275,hstafford@yahoo.com,Destiny Atkins,Female,60+,AU002,Canada,LO003,91003.0,983.0,4595.0,164.0,10171.02,36350.3,Becky Brown,EX006
C296,2023-11-30,2023-12-25,Email,CH002,Sales,CT002,Patterson and Sons,CL 006,0171 Patricia Street Suite 265,Frankmouth,MS,50700-0717,nataliemartinez@hotmail.com,Christopher Riggs,Seniors,60+,AU006,Canada,LO003,22873.0,4249.0,555.0,364.0,37109.37,56324.99,Jesus Rivera,EX004
C297,2023-09-16,2023-10-13,Facebook,CH005,Sales,CT002,Ramirez-Wilson,CL 011,6802 Scott Ways,Jasonbury,NM,94299-7873,robertellis@simpson-gutierrez.com,Christine Nguyen,Female,40-60,AU010,Japan,LO005,84089.0,8526.0,1949.0,932.0,40168.16,78496.61,Becky Brown,EX006
C298,2023-04-20,2023-04-28,Facebook,CH005,Sales,CT002,"Holmes, Johnson and Rodriguez",CL 025,USCGC Erickson,FPO AE 00735-4383,,,polsen@alexander-smith.net,Anne Foley,Adults,40-60,AU007,India,LO008,16388.0,2784.0,2761.0,992.0,5001.57,39526.63,Wesley Simon,EX005
C299,2023-11-12,2023-12-05,Instagram,CH004,Sales,CT002,Thomas-Proctor,CL 031,820 Butler Streets Suite 875,North Denisehaven,WV,66736-0964,brownmario@leonard.com,Angela Moore,Female,40-60,AU010,India,LO008,26571.0,4017.0,2809.0,342.0,14355.98,62283.11,Wesley Simon,EX005
C300,2023-01-22,2023-02-04,TikTok,CH003,Sales,CT002,Valentine-Dunn,CL 027,723 Julia Burg,Bartonhaven,VT,86914,gharrington@yahoo.com,Nathan May,Seniors,60+,AU006,Australia,LO007,69008.0,1054.0,1962.0,558.0,31697.81,67561.92,Melissa Haynes,EX008
C301,2023-07-04,2023-07-19,Instagram,CH004,Sales,CT002,Patterson and Sons,CL 006,0171 Patricia Street Suite 265,Frankmouth,MS,50700-0717,nataliemartinez@hotmail.com,Christopher Riggs,Male,18-40,AU009,LATAM,LO002,70387.0,8301.0,2988.0,959.0,11043.77,40597.85,Jesus Rivera,EX004
C302,2023-07-28,2023-08-10,Instagram,CH004,Sales,CT002,Lewis-Martinez,CL 067,37059 Bates Prairie Suite 432,Port Robertmouth,MN,28374,joshua06@king.com,Angela Anderson,Teens,13-19,AU008,Australia,LO007,72426.0,2326.0,3578.0,983.0,7033.14,58082.29,Aaron Faulkner,EX009
C303,2023-03-16,2023-03-19,Instagram,CH004,Sales,CT002,Green-Blake,CL 050,230 Brandon Bypass Apt. 679,New Melissa,TN,37505-3043,karenpayne@yahoo.com,Dustin Ramirez,Male,60+,AU005,Japan,LO005,41672.0,8720.0,1739.0,786.0,13014.36,60947.69,Jesus Rivera,EX004
C304,2023-01-04,2023-01-17,Facebook,CH005,Sign Up,CT001,Gray Ltd,CL 024,Unit 4555 Box 7398,DPO AE 23911-7290,,,owenmelinda@yahoo.com,Mark Long,Male,40-60,AU003,Australia,LO007,48382.0,8160.0,1199.0,165.0,25875.11,0.0,Jesus Rivera,EX004
C305,2023-07-03,2023-07-18,YouTube,CH001,Sales,CT002,"Jones, Miranda and Martin",CL 055,45011 Marc Roads Apt. 548,Johnsonbury,NJ,40892,kristenhoward@yahoo.com,Christine Barnes,Female,60+,AU002,USA,LO001,67940.0,8130.0,2140.0,913.0,18403.61,30498.91,Thomas Ryan,EX003
C306,2023-04-24,2023-04-28,TikTok,CH003,Sales,CT002,"Bush, Mendez and Smith",CL 028,791 Darryl Squares Suite 934,Holdenport,OH,41129-2197,churchtimothy@yahoo.com,Patrick Williams,Adults,18-40,AU001,Australia,LO007,27943.0,5896.0,4699.0,704.0,9322.49,70653.27,Brandon Townsend Jr.,EX002
C307,2023-08-10,2023-08-23,Facebook,CH005,Sales,CT002,Gray Ltd,CL 024,Unit 4555 Box 7398,DPO AE 23911-7290,,,owenmelinda@yahoo.com,Mark Long,Male,40-60,AU003,USA,LO001,83245.0,6240.0,1470.0,285.0,18078.17,69311.66,Jesus Rivera,EX004
C308,2023-10-05,2023-10-24,Instagram,CH004,Sales,CT002,"James, Phelps and Burgess",CL 032,026 Good Ports Apt. 881,Port Adam,KY,82799-9255,edurham@hotmail.com,Vanessa Miranda,Teens,13-19,AU008,India,LO008,73576.0,4916.0,2143.0,194.0,18799.43,49139.08,Lauren Riggs,EX001
C309,2023-02-07,2023-03-05,TikTok,CH003,Sales,CT002,Benjamin and Sons,CL 068,861 Knox Cape Apt. 731,Lake John,CA,62474,lrice@yahoo.com,Derek Juarez,Male,18-40,AU009,UK,LO006,81806.0,4085.0,742.0,887.0,8596.07,56240.83,Thomas Ryan,EX003
C310,2023-05-02,2023-05-29,Email,CH002,Sign Up,CT001,Gray Ltd,CL 024,Unit 4555 Box 7398,DPO AE 23911-7290,,,owenmelinda@yahoo.com,Mark Long,Male,60+,AU005,USA,LO001,23729.0,3829.0,4405.0,698.0,12131.43,0.0,Jesus Rivera,EX004
C311,2023-10-19,2023-11-06,Email,CH002,Sales,CT002,"Weaver, Garner and Ramos",CL 002,2933 Ortiz Overpass Suite 099,South Douglasburgh,KY,52632-7557,oscott@gmail.com,Melinda Johnston,Female,40-60,AU010,Canada,LO003,55453.0,2279.0,2984.0,251.0,23522.39,61836.95,Brandon Townsend Jr.,EX002
C312,2023-02-22,2023-03-11,Instagram,CH004,Sales,CT002,"Rowe, Morse and Morgan",CL 059,247 Young Spur,North Jacobview,WI,24275,hstafford@yahoo.com,Destiny Atkins,Female,18-40,AU004,Japan,LO005,99807.0,3394.0,489.0,59.0,21483.7,44894.07,Becky Brown,EX006
C313,2023-07-20,2023-08-19,Facebook,CH005,Sales,CT002,Gray Ltd,CL 024,Unit 4555 Box 7398,DPO AE 23911-7290,,,owenmelinda@yahoo.com,Mark Long,Adults,40-60,AU007,USA,LO001,55546.0,6515.0,4100.0,17.0,45123.25,39186.39,Jesus Rivera,EX004
C314,2023-08-13,2023-09-10,TikTok,CH003,Sign Up,CT001,"Ruiz, Cox and Meyer",CL 071,5058 Frank Locks,Blackmouth,MI,7896,vjohnson@yahoo.com,Anne Davis,Female,40-60,AU010,Europe,LO004,76967.0,1271.0,2908.0,707.0,19850.01,0.0,Aaron Faulkner,EX009
C315,2023-02-07,2023-02-15,YouTube,CH001,Sales,CT002,"Morris, Johnson and Anderson",CL 021,065 John Street,West Adamchester,NV,72944-3914,johnsondonald@meyer.com,Sandy Mathis,Teens,13-19,AU008,UK,LO006,63818.0,5083.0,1065.0,929.0,36978.25,77854.46,Kyle Serrano,EX010
C316,2023-06-18,2023-06-22,Instagram,CH004,Sign Up,CT001,Roberts-Howe,CL 066,64572 Dawn Forges Suite 455,South Samantha,PA,33248-5599,mckenziebrandon@allen.biz,Robert Mcintosh,Male,60+,AU005,UK,LO006,29086.0,8795.0,1814.0,822.0,21713.61,0.0,Brandon Townsend Jr.,EX002
C317,2023-08-23,2023-08-24,Email,CH002,Sales,CT002,Reed-Johnson,CL 070,01161 Mcintyre Burg,Robinsonport,CO,51964,stacy50@bates-martin.com,John Terrell,Adults,40-60,AU007,Europe,LO004,89148.0,772.0,4576.0,794.0,27686.76,42918.85,Becky Brown,EX006
C318,2023-11-23,2023-12-06,Email,CH002,Sales,CT002,"Parker, Velasquez and Dixon",CL 036,33302 Fuller Lakes,West Christopher,MH,17095,hutchinsonmary@gmail.com,Brian George,Male,60+,AU005,Europe,LO004,10599.0,7566.0,4261.0,237.0,4692.45,39421.33,Aaron Faulkner,EX009
C319,2023-06-20,2023-07-13,YouTube,CH001,Sales,CT002,"Morris, Johnson and Anderson",CL 021,065 John Street,West Adamchester,NV,72944-3914,johnsondonald@meyer.com,Sandy Mathis,Male,60+,AU005,India,LO008,55478.0,4716.0,2943.0,440.0,23539.15,42152.05,Kyle Serrano,EX010
C320,2023-10-14,2023-10-27,YouTube,CH001,Sign Up,CT001,"Holmes, Johnson and Rodriguez",CL 025,USCGC Erickson,FPO AE 00735-4383,,,polsen@alexander-smith.net,Anne Foley,Male,60+,AU005,Europe,LO004,28659.0,5530.0,542.0,864.0,25249.59,0.0,Wesley Simon,EX005
C321,2023-06-08,2023-07-05,Email,CH002,Sales,CT002,Gray Ltd,CL 024,Unit 4555 Box 7398,DPO AE 23911-7290,,,owenmelinda@yahoo.com,Mark Long,Male,18-40,AU009,India,LO008,44011.0,4099.0,4775.0,601.0,17351.1,25803.58,Jesus Rivera,EX004
C322,2023-02-05,2023-02-12,Instagram,CH004,Sales,CT002,Valentine-Dunn,CL 027,723 Julia Burg,Bartonhaven,VT,86914,gharrington@yahoo.com,Nathan May,Female,40-60,AU010,Europe,LO004,45671.0,3488.0,3591.0,12.0,18384.96,39471.45,Melissa Haynes,EX008
C323,2023-11-29,2023-12-17,Email,CH002,Sign Up,CT001,Reyes-Rios,CL 030,49937 Christopher Unions,Gutierrezmouth,MI,13751-5785,cunninghamjerry@gmail.com,Eric Davis,Adults,18-40,AU001,India,LO008,46579.0,4273.0,4777.0,712.0,31332.02,0.0,Wesley Simon,EX005
C324,2023-01-28,2023-02-02,YouTube,CH001,Sales,CT002,Edwards LLC,CL 043,123 Amanda Summit,Lake Marietown,IL,81773-5493,tinamckay@sharp-smith.com,Matthew Davis,Female,60+,AU002,India,LO008,60646.0,9488.0,3052.0,295.0,32056.49,29335.87,Melissa Haynes,EX008
C325,2023-05-09,2023-05-10,Facebook,CH005,Sales,CT002,Lyons PLC,CL 022,20804 Burgess Trace,Petersenburgh,WV,31082,nicholastaylor@yahoo.com,Sharon Crawford,Seniors,60+,AU006,Europe,LO004,90907.0,6692.0,3219.0,299.0,11141.95,44638.38,Lauren Riggs,EX001
C326,2023-08-07,2023-09-02,Email,CH002,Sign Up,CT001,Reyes-Rios,CL 030,49937 Christopher Unions,Gutierrezmouth,MI,13751-5785,cunninghamjerry@gmail.com,Eric Davis,Adults,18-40,AU001,Japan,LO005,87703.0,8204.0,4645.0,887.0,12946.83,0.0,Wesley Simon,EX005
C327,2023-08-30,2023-09-21,Email,CH002,Sales,CT002,Wall-Cruz,CL 073,7470 Harris Roads Suite 137,Brookefort,MP,32507,davidponce@turner-copeland.com,Robert Cruz,Adults,40-60,AU007,UK,LO006,60789.0,1031.0,3978.0,203.0,49281.33,56528.55,Becky Brown,EX006
C328,2023-12-19,2024-01-06,YouTube,CH001,Sales,CT002,Cooper-Alexander,CL 039,01438 Kristin Fords Apt. 626,Port Paula,WA,20979-6415,gchavez@yang.com,Alexandria Hansen,Male,40-60,AU003,USA,LO001,66048.0,2876.0,4524.0,845.0,6571.8,70230.12,Thomas Ryan,EX003
C329,2023-05-15,2023-06-14,Email,CH002,Sales,CT002,Jackson Inc,CL 015,96299 Miller Spur,Jensenfurt,CA,97794-3156,jeremy09@yahoo.com,Karen Rivers,Male,18-40,AU009,UK,LO006,96490.0,2899.0,939.0,139.0,26033.35,31457.16,Thomas Ryan,EX003
C330,2023-10-06,2023-10-30,Facebook,CH005,Sign Up,CT001,Valentine-Dunn,CL 027,723 Julia Burg,Bartonhaven,VT,86914,gharrington@yahoo.com,Nathan May,Seniors,60+,AU006,USA,LO001,50549.0,4308.0,3785.0,544.0,49886.09,0.0,Melissa Haynes,EX008
C331,2023-12-21,2024-01-14,YouTube,CH001,Sign Up,CT001,"Cohen, Williams and Hess",CL 061,93243 Lee Loop Apt. 832,North Jonathanland,MP,43605-6685,shawn39@gmail.com,Mr. Nicholas Ramirez,Male,18-40,AU009,India,LO008,58419.0,2128.0,2907.0,555.0,24439.4,0.0,Jesus Rivera,EX004
C332,2023-11-15,2023-11-19,YouTube,CH001,Sign Up,CT001,Thomas-Proctor,CL 031,820 Butler Streets Suite 875,North Denisehaven,WV,66736-0964,brownmario@leonard.com,Angela Moore,Seniors,60+,AU006,UK,LO006,93232.0,7885.0,1113.0,376.0,31124.41,0.0,Wesley Simon,EX005
C333,2023-09-27,2023-10-23,YouTube,CH001,Sales,CT002,Mcbride-Finley,CL 029,438 Brent Roads Apt. 855,Tylerburgh,NY,69473,mcclainhannah@jensen-gilbert.com,Michael Freeman,Female,60+,AU002,UK,LO006,29410.0,6925.0,1174.0,891.0,37983.27,57723.65,Jesus Rivera,EX004
C334,2023-02-15,2023-02-24,TikTok,CH003,Sign Up,CT001,Griffin Inc,CL 065,Unit 3822 Box 8338,DPO AE 21031-0227,,,dixonamber@hotmail.com,Theodore Murphy,Adults,18-40,AU001,India,LO008,93255.0,8429.0,3795.0,343.0,34587.26,0.0,Brandon Townsend Jr.,EX002
C335,2023-02-10,2023-03-11,YouTube,CH001,Sales,CT002,Valentine-Dunn,CL 027,723 Julia Burg,Bartonhaven,VT,86914,gharrington@yahoo.com,Nathan May,Female,18-40,AU004,UK,LO006,19199.0,2624.0,4596.0,733.0,23198.06,38005.0,Melissa Haynes,EX008
C336,2023-11-16,2023-11-28,YouTube,CH001,Sign Up,CT001,Ross Group,CL 008,2397 Allison Knolls Suite 213,Jacksonside,WV,58803-3895,kristopher99@romero.org,Lauren Graham,Male,60+,AU005,Japan,LO005,94024.0,1269.0,4898.0,155.0,6315.92,0.0,Brandon Townsend Jr.,EX002
C337,2023-04-16,2023-05-16,Facebook,CH005,Sales,CT002,White Ltd,CL 005,172 Angela Crescent Apt. 306,North Laura,HI,69094-7497,jeremy56@gmail.com,Nathan Weber,Female,18-40,AU004,Canada,LO003,90479.0,2367.0,4808.0,959.0,698.24,40372.15,Jesus Rivera,EX004
C338,2023-07-20,2023-07-25,Facebook,CH005,Sales,CT002,"Holloway, Cox and Ford",CL 046,7800 Dorsey Tunnel Suite 734,West Tracy,UT,56027,joseph49@hodges-campbell.com,Dennis Carr,Adults,18-40,AU001,USA,LO001,45324.0,5959.0,3581.0,457.0,7528.01,81074.26,Brandon Townsend Jr.,EX002
C339,2023-02-10,2023-02-11,Facebook,CH005,Sales,CT002,"Cohen, Williams and Hess",CL 061,93243 Lee Loop Apt. 832,North Jonathanland,MP,43605-6685,shawn39@gmail.com,Mr. Nicholas Ramirez,Female,18-40,AU004,Europe,LO004,27111.0,2477.0,2521.0,990.0,28375.26,42239.83,Jesus Rivera,EX004
C340,2023-05-25,2023-06-24,Email,CH002,Sales,CT002,Jackson Inc,CL 015,96299 Miller Spur,Jensenfurt,CA,97794-3156,jeremy09@yahoo.com,Karen Rivers,Female,40-60,AU010,India,LO008,34553.0,2001.0,3205.0,419.0,36749.69,41157.41,Thomas Ryan,EX003
C341,2023-02-06,2023-03-04,Instagram,CH004,Sales,CT002,Jones LLC,CL 035,89103 Jennings Cape Suite 740,South Dianafort,FL,68504,norrisjames@pearson-burton.biz,Danielle Hernandez,Female,40-60,AU010,Australia,LO007,62065.0,6285.0,1515.0,854.0,32671.28,47398.38,Aaron Faulkner,EX009
C342,2023-07-11,2023-07-16,TikTok,CH003,Sign Up,CT001,Wade PLC,CL 041,3571 Harvey Centers,Ronaldfurt,NY,35589-6805,nhall@hotmail.com,Lacey Crane,Female,18-40,AU004,UK,LO006,74991.0,9053.0,3267.0,585.0,39089.76,0.0,Lauren Riggs,EX001
C343,2023-07-26,2023-08-02,YouTube,CH001,Sales,CT002,Nunez-Bowers,CL 020,6821 Walker Via Suite 228,Lake Jessica,NE,05036-1909,michelle44@yahoo.com,James Woods,Male,18-40,AU009,LATAM,LO002,1227.0,9205.0,3710.0,144.0,34556.03,68992.86,Wesley Simon,EX005
C344,2023-11-22,2023-12-18,Facebook,CH005,Sales,CT002,Hughes-Sullivan,CL 076,5874 Guerra Courts Suite 368,South Codyhaven,OR,93465,williamsnathaniel@yahoo.com,Roy Obrien,Adults,40-60,AU007,Japan,LO005,40577.0,9454.0,2720.0,346.0,43924.28,30650.63,Brandon Townsend Jr.,EX002
C345,2023-11-13,2023-11-20,Email,CH002,Sales,CT002,Weaver-Hoover,CL 007,050 Andrews Green,North Renee,VT,22014-1131,jacqueline32@dominguez.biz,Kathy Mahoney,Seniors,60+,AU006,LATAM,LO002,77919.0,1689.0,2509.0,736.0,10345.35,76816.5,Brandon Townsend Jr.,EX002
C346,2023-04-06,2023-05-04,YouTube,CH001,Sales,CT002,Wade PLC,CL 041,3571 Harvey Centers,Ronaldfurt,NY,35589-6805,nhall@hotmail.com,Lacey Crane,Adults,40-60,AU007,India,LO008,13936.0,9723.0,3815.0,735.0,45860.88,56896.24,Lauren Riggs,EX001
C347,2023-10-23,2023-11-13,Instagram,CH004,Sales,CT002,Thomas-Proctor,CL 031,820 Butler Streets Suite 875,North Denisehaven,WV,66736-0964,brownmario@leonard.com,Angela Moore,Seniors,60+,AU006,Australia,LO007,39609.0,6236.0,2702.0,76.0,32263.84,43376.67,Wesley Simon,EX005
C348,2023-10-07,2023-10-18,Instagram,CH004,Sign Up,CT001,"Morris, Johnson and Anderson",CL 021,065 John Street,West Adamchester,NV,72944-3914,johnsondonald@meyer.com,Sandy Mathis,Adults,18-40,AU001,UK,LO006,78985.0,6122.0,2808.0,231.0,1609.43,0.0,Kyle Serrano,EX010
C349,2023-04-28,2023-05-26,TikTok,CH003,Sales,CT002,"Brown, Lawrence and Collins",CL 054,069 Jeffrey Neck,North Jeffreyberg,VI,70669-3291,tracyfields@evans.com,Thomas Fleming,Female,60+,AU002,UK,LO006,84692.0,4443.0,1950.0,636.0,22204.98,27898.87,Michael Camacho,EX007
C350,2023-03-03,2023-03-11,Facebook,CH005,Sign Up,CT001,Daniels Group,CL 049,567 Jill Motorway,Sarabury,GU,20455-6244,michael10@gmail.com,Annette Rice,Seniors,60+,AU006,Europe,LO004,71367.0,7691.0,2030.0,324.0,46223.77,0.0,Wesley Simon,EX005
C351,2023-08-05,2023-08-11,TikTok,CH003,Sales,CT002,Phillips-Lewis,CL 057,152 Munoz Spur,Richardbury,NE,64820-6682,ssullivan@yahoo.com,April Williams,Male,60+,AU005,LATAM,LO002,6660.0,6973.0,1346.0,670.0,31853.68,67043.7,Aaron Faulkner,EX009
C352,2023-11-21,2023-12-13,YouTube,CH001,Sales,CT002,Phillips-Lewis,CL 057,152 Munoz Spur,Richardbury,NE,64820-6682,ssullivan@yahoo.com,April Williams,Male,40-60,AU003,USA,LO001,30850.0,9090.0,2787.0,175.0,40566.54,42042.17,Aaron Faulkner,EX009
C353,2023-07-29,2023-08-18,Email,CH002,Sign Up,CT001,Benjamin and Sons,CL 068,861 Knox Cape Apt. 731,Lake John,CA,62474,lrice@yahoo.com,Derek Juarez,Female,60+,AU002,USA,LO001,39837.0,825.0,2261.0,798.0,1039.71,0.0,Thomas Ryan,EX003
C354,2023-06-01,2023-06-28,TikTok,CH003,Sales,CT002,"Ramos, Gomez and Garcia",CL 056,PSC 8675,Box 2798,APO AA,AA 82949-7770,huntdavid@orr.info,Eric Harrison,Female,40-60,AU010,Europe,LO004,5248.0,3951.0,1472.0,610.0,26243.22,60758.8,Kyle Serrano,EX010
C355,2023-10-03,2023-10-11,Email,CH002,Sales,CT002,Roberts-Howe,CL 066,64572 Dawn Forges Suite 455,South Samantha,PA,33248-5599,mckenziebrandon@allen.biz,Robert Mcintosh,Female,18-40,AU004,Canada,LO003,82370.0,6297.0,2581.0,524.0,10418.8,53120.93,Brandon Townsend Jr.,EX002
C356,2023-05-27,2023-06-05,Instagram,CH004,Sales,CT002,Benjamin and Sons,CL 068,861 Knox Cape Apt. 731,Lake John,CA,62474,lrice@yahoo.com,Derek Juarez,Adults,40-60,AU007,India,LO008,19701.0,7102.0,3424.0,430.0,28023.81,46998.76,Thomas Ryan,EX003
C357,2023-08-09,2023-08-23,Instagram,CH004,Sales,CT002,Wall-Cruz,CL 073,7470 Harris Roads Suite 137,Brookefort,MP,32507,davidponce@turner-copeland.com,Robert Cruz,Female,18-40,AU004,USA,LO001,46745.0,2937.0,3576.0,236.0,2764.85,48675.35,Becky Brown,EX006
C358,2023-12-02,2024-01-01,TikTok,CH003,Sales,CT002,"Brown, Lawrence and Collins",CL 054,069 Jeffrey Neck,North Jeffreyberg,VI,70669-3291,tracyfields@evans.com,Thomas Fleming,Teens,13-19,AU008,India,LO008,41510.0,3388.0,2783.0,190.0,30707.14,52866.39,Michael Camacho,EX007
C359,2023-06-27,2023-07-15,TikTok,CH003,Sales,CT002,Hughes-Sullivan,CL 076,5874 Guerra Courts Suite 368,South Codyhaven,OR,93465,williamsnathaniel@yahoo.com,Roy Obrien,Adults,40-60,AU007,Australia,LO007,54038.0,4575.0,94.0,915.0,25592.96,41950.32,Brandon Townsend Jr.,EX002
C360,2023-07-25,2023-08-05,YouTube,CH001,Sales,CT002,Nunez-Bowers,CL 020,6821 Walker Via Suite 228,Lake Jessica,NE,05036-1909,michelle44@yahoo.com,James Woods,Female,60+,AU002,Australia,LO007,44029.0,7668.0,3668.0,199.0,16850.43,55881.7,Wesley Simon,EX005
C361,2023-03-12,2023-04-05,Instagram,CH004,Sales,CT002,"Green, Lloyd and Ball",CL 047,30284 Villarreal Passage Apt. 698,Brownshire,NV,89609-0041,wrightlucas@yahoo.com,Shelly Stafford,Male,18-40,AU009,India,LO008,34677.0,5259.0,573.0,615.0,42692.31,38240.29,Jesus Rivera,EX004
C362,2023-09-22,2023-10-06,Facebook,CH005,Sales,CT002,"Salinas, Rodriguez and Bowman",CL 074,04604 Davidson Underpass Apt. 439,Lake Tiffany,DC,35416,gutierrezjames@yahoo.com,Laura Caldwell,Male,18-40,AU009,Canada,LO003,55335.0,4187.0,380.0,254.0,15784.02,75128.21,Thomas Ryan,EX003
C363,2023-06-19,2023-07-10,Instagram,CH004,Sales,CT002,Benjamin and Sons,CL 068,861 Knox Cape Apt. 731,Lake John,CA,62474,lrice@yahoo.com,Derek Juarez,Seniors,60+,AU006,Canada,LO003,12334.0,4312.0,4502.0,356.0,40403.04,23153.0,Thomas Ryan,EX003
C364,2023-09-10,2023-10-09,YouTube,CH001,Sales,CT002,Edwards-Hoover,CL 069,86879 Carol Cove,North Evanton,MT,25565,bryantmichelle@rocha.com,Erika Owens,Female,18-40,AU004,UK,LO006,63075.0,3730.0,2620.0,891.0,2350.25,55846.26,Melissa Haynes,EX008
C365,2023-08-19,2023-09-15,Email,CH002,Sales,CT002,Reyes-Rios,CL 030,49937 Christopher Unions,Gutierrezmouth,MI,13751-5785,cunninghamjerry@gmail.com,Eric Davis,Female,18-40,AU004,Japan,LO005,79399.0,2399.0,2350.0,333.0,36159.01,62608.73,Wesley Simon,EX005
C366,2023-03-04,2023-03-10,Email,CH002,Sign Up,CT001,Roberts-Howe,CL 066,64572 Dawn Forges Suite 455,South Samantha,PA,33248-5599,mckenziebrandon@allen.biz,Robert Mcintosh,Teens,13-19,AU008,LATAM,LO002,57120.0,6187.0,2724.0,679.0,40100.6,0.0,Brandon Townsend Jr.,EX002
C367,2023-09-11,2023-09-17,Instagram,CH004,Sign Up,CT001,Harmon Inc,CL 075,3532 Carla Spurs Suite 631,East Susanside,VA,63110-6508,steven77@miller.com,Heidi Black,Teens,13-19,AU008,India,LO008,59323.0,6162.0,4979.0,927.0,30465.95,0.0,Kyle Serrano,EX010
C368,2023-01-21,2023-02-04,Facebook,CH005,Sales,CT002,Vaughan Group,CL 051,PSC 0937,Box 0339,APO AP,AP 98521,baldwinhailey@klein-fitzgerald.com,Ashley Carter,Female,18-40,AU004,India,LO008,5176.0,2802.0,461.0,458.0,23154.7,23153.0,Jesus Rivera,EX004
C369,2023-02-14,2023-02-23,YouTube,CH001,Sales,CT002,Anderson Inc,CL 034,Unit 0015 Box 7678,DPO AE 55030-2816,,,jgomez@gmail.com,Morgan Gross,Adults,40-60,AU007,Europe,LO004,39910.0,1220.0,2062.0,777.0,32712.56,56268.62,Thomas Ryan,EX003
C370,2023-01-15,2023-01-27,Facebook,CH005,Sign Up,CT001,Walter Ltd,CL 017,591 Gallegos Shore,East Jennifer,VT,67675,gravessusan@gonzalez.com,Sarah Warren,Adults,18-40,AU001,Canada,LO003,93626.0,8744.0,4045.0,668.0,22340.68,0.0,Aaron Faulkner,EX009
C371,2023-09-27,2023-10-25,Instagram,CH004,Sign Up,CT001,Edwards-Hoover,CL 069,86879 Carol Cove,North Evanton,MT,25565,bryantmichelle@rocha.com,Erika Owens,Adults,40-60,AU007,Japan,LO005,5881.0,6546.0,3634.0,810.0,45605.32,0.0,Melissa Haynes,EX008
C372,2023-12-12,2023-12-15,Email,CH002,Sign Up,CT001,Green-Blake,CL 050,230 Brandon Bypass Apt. 679,New Melissa,TN,37505-3043,karenpayne@yahoo.com,Dustin Ramirez,Female,40-60,AU010,LATAM,LO002,97247.0,5446.0,2871.0,40.0,48979.54,0.0,Jesus Rivera,EX004
C373,2023-10-12,2023-11-10,Instagram,CH004,Sales,CT002,Walter Ltd,CL 017,591 Gallegos Shore,East Jennifer,VT,67675,gravessusan@gonzalez.com,Sarah Warren,Female,18-40,AU004,USA,LO001,66525.0,9053.0,1150.0,441.0,19243.94,52333.95,Aaron Faulkner,EX009
C374,2023-04-01,2023-04-13,TikTok,CH003,Sign Up,CT001,Mitchell-Rojas,CL 064,Unit 7421 Box 5134,DPO AE 60814,,,johnathan43@hotmail.com,Benjamin Anthony,Seniors,60+,AU006,Canada,LO003,32144.0,2105.0,1305.0,678.0,13186.51,0.0,Thomas Ryan,EX003
C375,2023-10-19,2023-10-26,TikTok,CH003,Sales,CT002,"Salinas, Rodriguez and Bowman",CL 074,04604 Davidson Underpass Apt. 439,Lake Tiffany,DC,35416,gutierrezjames@yahoo.com,Laura Caldwell,Female,18-40,AU004,UK,LO006,85592.0,3214.0,4379.0,989.0,4616.13,33660.88,Thomas Ryan,EX003
C376,2023-10-17,2023-11-01,Email,CH002,Sales,CT002,Cunningham-Little,CL 042,Unit 5043 Box 8770,DPO AP 84852,,,christopher51@watson.net,Stephanie Fernandez,Adults,18-40,AU001,Japan,LO005,54512.0,5011.0,2068.0,746.0,6916.23,23153.0,Becky Brown,EX006
C377,2023-06-19,2023-07-19,YouTube,CH001,Sales,CT002,White Ltd,CL 005,172 Angela Crescent Apt. 306,North Laura,HI,69094-7497,jeremy56@gmail.com,Nathan Weber,Adults,18-40,AU001,Europe,LO004,11895.0,3009.0,4583.0,550.0,46614.15,66192.86,Jesus Rivera,EX004
C378,2023-03-27,2023-04-09,Facebook,CH005,Sales,CT002,Benjamin and Sons,CL 068,861 Knox Cape Apt. 731,Lake John,CA,62474,lrice@yahoo.com,Derek Juarez,Male,18-40,AU009,Japan,LO005,45023.0,8833.0,1199.0,758.0,9370.01,24776.1,Thomas Ryan,EX003
C379,2023-11-19,2023-12-11,Facebook,CH005,Sign Up,CT001,Harmon Inc,CL 075,3532 Carla Spurs Suite 631,East Susanside,VA,63110-6508,steven77@miller.com,Heidi Black,Female,40-60,AU010,LATAM,LO002,55320.0,7773.0,3976.0,172.0,7885.02,0.0,Kyle Serrano,EX010
C380,2023-09-13,2023-09-18,Email,CH002,Sales,CT002,Wall-Cruz,CL 073,7470 Harris Roads Suite 137,Brookefort,MP,32507,davidponce@turner-copeland.com,Robert Cruz,Adults,40-60,AU007,Australia,LO007,12966.0,126.0,1740.0,954.0,27597.6,40970.27,Becky Brown,EX006
C381,2023-09-02,2023-09-26,Instagram,CH004,Sales,CT002,Walter Ltd,CL 017,591 Gallegos Shore,East Jennifer,VT,67675,gravessusan@gonzalez.com,Sarah Warren,Adults,40-60,AU007,UK,LO006,12461.0,9530.0,4701.0,958.0,45228.81,55512.65,Aaron Faulkner,EX009
C382,2023-10-13,2023-11-03,YouTube,CH001,Sales,CT002,Valentine-Dunn,CL 027,723 Julia Burg,Bartonhaven,VT,86914,gharrington@yahoo.com,Nathan May,Female,40-60,AU010,Europe,LO004,85662.0,553.0,2491.0,36.0,49271.9,56077.28,Melissa Haynes,EX008
C383,2023-02-08,2023-03-01,Email,CH002,Sales,CT002,"Brown, Lawrence and Collins",CL 054,069 Jeffrey Neck,North Jeffreyberg,VI,70669-3291,tracyfields@evans.com,Thomas Fleming,Male,40-60,AU003,Europe,LO004,76001.0,8906.0,4691.0,741.0,23997.93,67120.68,Michael Camacho,EX007
C384,2023-08-11,2023-08-24,Instagram,CH004,Sign Up,CT001,"Weaver, Garner and Ramos",CL 002,2933 Ortiz Overpass Suite 099,South Douglasburgh,KY,52632-7557,oscott@gmail.com,Melinda Johnston,Male,40-60,AU003,USA,LO001,90070.0,5646.0,4905.0,115.0,21483.36,0.0,Brandon Townsend Jr.,EX002
C385,2023-06-21,2023-07-18,Facebook,CH005,Sales,CT002,Lopez PLC,CL 001,0806 Watson Drive Suite 662,Port Andrea,DE,42578-2286,zmcintyre@bauer.info,Barbara Walker,Teens,13-19,AU008,India,LO008,98221.0,1609.0,694.0,962.0,33098.62,62926.52,Lauren Riggs,EX001
C386,2023-07-29,2023-08-21,Email,CH002,Sign Up,CT001,"Arnold, Smith and Ward",CL 058,Unit 2316 Box 4709,DPO AA 90463-5066,,,michelle93@pineda-small.com,Karen Bryan,Adults,18-40,AU001,Europe,LO004,14268.0,4122.0,3569.0,58.0,16224.16,0.0,Jesus Rivera,EX004
C387,2023-02-18,2023-03-03,Email,CH002,Sign Up,CT001,Daniels Group,CL 049,567 Jill Motorway,Sarabury,GU,20455-6244,michael10@gmail.com,Annette Rice,Female,18-40,AU004,Europe,LO004,32507.0,6894.0,4085.0,223.0,26972.36,0.0,Wesley Simon,EX005
C388,2023-02-17,2023-02-27,Facebook,CH005,Sales,CT002,Schneider PLC,CL 014,872 Davila Ville Apt. 985,Millerland,GA,42888,beasleycraig@yahoo.com,Stephen Murphy,Female,60+,AU002,UK,LO006,33807.0,365.0,2809.0,340.0,28373.59,66861.51,Lauren Riggs,EX001
C389,2023-04-09,2023-05-02,Email,CH002,Sales,CT002,Pearson-Shah,CL 077,5117 Suzanne Branch,Barnesmouth,VA,53846,anthony54@perez.com,Shannon Martinez,Male,60+,AU005,Australia,LO007,13500.0,5887.0,1659.0,841.0,35003.42,24050.41,Jesus Rivera,EX004
C390,2023-08-19,2023-08-29,TikTok,CH003,Sales,CT002,Ramirez-Wilson,CL 011,6802 Scott Ways,Jasonbury,NM,94299-7873,robertellis@simpson-gutierrez.com,Christine Nguyen,Female,18-40,AU004,UK,LO006,42962.0,7683.0,4799.0,962.0,15216.91,58772.06,Becky Brown,EX006
C391,2023-09-27,2023-10-19,YouTube,CH001,Sign Up,CT001,Lopez PLC,CL 001,0806 Watson Drive Suite 662,Port Andrea,DE,42578-2286,zmcintyre@bauer.info,Barbara Walker,Adults,18-40,AU001,Australia,LO007,48643.0,7300.0,4388.0,812.0,3354.7,0.0,Lauren Riggs,EX001
C392,2023-08-22,2023-09-14,TikTok,CH003,Sign Up,CT001,Edwards LLC,CL 043,123 Amanda Summit,Lake Marietown,IL,81773-5493,tinamckay@sharp-smith.com,Matthew Davis,Female,18-40,AU004,Canada,LO003,11377.0,4422.0,2483.0,551.0,30209.41,0.0,Melissa Haynes,EX008
C393,2023-04-20,2023-05-11,Email,CH002,Sales,CT002,Daniels Group,CL 049,567 Jill Motorway,Sarabury,GU,20455-6244,michael10@gmail.com,Annette Rice,Male,40-60,AU003,LATAM,LO002,69975.0,4163.0,850.0,526.0,26926.91,65872.85,Wesley Simon,EX005
C394,2023-10-12,2023-10-28,Instagram,CH004,Sales,CT002,Green-Blake,CL 050,230 Brandon Bypass Apt. 679,New Melissa,TN,37505-3043,karenpayne@yahoo.com,Dustin Ramirez,Female,60+,AU002,India,LO008,81464.0,4348.0,2085.0,286.0,40831.66,66740.57,Jesus Rivera,EX004
C395,2023-11-19,2023-12-16,Email,CH002,Sales,CT002,"Russell, Wilson and Rogers",CL 004,27907 Deborah Hill Suite 235,Abigailbury,CO,58408,michael78@yahoo.com,Michael Howard,Male,40-60,AU003,USA,LO001,90827.0,352.0,3835.0,955.0,7591.04,44963.08,Thomas Ryan,EX003
C396,2023-09-23,2023-10-19,Facebook,CH005,Sales,CT002,Drake-Vasquez,CL 038,8980 Cox Park,South Robert,NV,66099-6728,tylersheila@hicks.com,Teresa Doyle,Male,40-60,AU003,Canada,LO003,57979.0,5433.0,1810.0,776.0,30085.51,51956.86,Michael Camacho,EX007
C397,2023-04-24,2023-05-06,Instagram,CH004,Sales,CT002,Bernard and Sons,CL 044,8622 Ricky Knoll,New Jenniferville,GA,79764-9207,johnsonrobert@white.com,Julia Moore,Adults,18-40,AU001,LATAM,LO002,64139.0,1649.0,1286.0,53.0,26663.06,34806.06,Thomas Ryan,EX003
C398,2023-06-04,2023-07-03,Email,CH002,Sign Up,CT001,"Brown, Lawrence and Collins",CL 054,069 Jeffrey Neck,North Jeffreyberg,VI,70669-3291,tracyfields@evans.com,Thomas Fleming,Female,40-60,AU010,Europe,LO004,41173.0,8846.0,4195.0,759.0,34894.27,0.0,Michael Camacho,EX007
C399,2023-05-15,2023-06-03,Facebook,CH005,Sales,CT002,Anderson Inc,CL 034,Unit 0015 Box 7678,DPO AE 55030-2816,,,jgomez@gmail.com,Morgan Gross,Teens,13-19,AU008,UK,LO006,19507.0,2180.0,4943.0,855.0,3071.88,58378.27,Thomas Ryan,EX003
C400,2023-02-14,2023-03-08,YouTube,CH001,Sales,CT002,"Fox, Carter and Cunningham",CL 033,99919 Michelle Green Apt. 424,West Hannah,KY,63482-6699,bradymcclain@hotmail.com,Andre Manning,Male,60+,AU005,Canada,LO003,53683.0,4779.0,2309.0,576.0,19770.88,42426.45,Brandon Townsend Jr.,EX002
C401,2023-06-16,2023-06-22,TikTok,CH003,Sign Up,CT001,Vaughan Group,CL 051,PSC 0937,Box 0339,APO AP,AP 98521,baldwinhailey@klein-fitzgerald.com,Ashley Carter,Seniors,60+,AU006,Japan,LO005,30392.0,8755.0,4651.0,274.0,43882.98,0.0,Jesus Rivera,EX004
C402,2023-08-31,2023-09-28,TikTok,CH003,Sales,CT002,Williams PLC,CL 062,911 Thomas Manors,Longchester,ID,62649-9748,sanchezangela@butler.com,Reginald Lee,Adults,18-40,AU001,Canada,LO003,64838.0,5528.0,4967.0,544.0,36371.93,23153.0,Michael Camacho,EX007
C403,2023-01-18,2023-01-27,Facebook,CH005,Sales,CT002,"Morris, Johnson and Anderson",CL 021,065 John Street,West Adamchester,NV,72944-3914,johnsondonald@meyer.com,Sandy Mathis,Seniors,60+,AU006,Canada,LO003,84720.0,3282.0,3809.0,133.0,15789.04,84647.47,Kyle Serrano,EX010
C404,2023-07-21,2023-07-29,TikTok,CH003,Sign Up,CT001,"Ramos, Gomez and Garcia",CL 056,PSC 8675,Box 2798,APO AA,AA 82949-7770,huntdavid@orr.info,Eric Harrison,Adults,18-40,AU001,USA,LO001,49653.0,7227.0,1534.0,408.0,6356.59,0.0,Kyle Serrano,EX010
C405,2023-03-30,2023-04-18,YouTube,CH001,Sales,CT002,White Ltd,CL 005,172 Angela Crescent Apt. 306,North Laura,HI,69094-7497,jeremy56@gmail.com,Nathan Weber,Female,40-60,AU010,Japan,LO005,26891.0,793.0,3036.0,286.0,37946.91,69032.73,Jesus Rivera,EX004
C406,2023-08-21,2023-09-20,YouTube,CH001,Sales,CT002,Nunez-Bowers,CL 020,6821 Walker Via Suite 228,Lake Jessica,NE,05036-1909,michelle44@yahoo.com,James Woods,Female,60+,AU002,LATAM,LO002,33484.0,9450.0,487.0,702.0,8459.03,75697.75,Wesley Simon,EX005
C407,2023-10-07,2023-10-13,Email,CH002,Sales,CT002,Lyons PLC,CL 022,20804 Burgess Trace,Petersenburgh,WV,31082,nicholastaylor@yahoo.com,Sharon Crawford,Adults,18-40,AU001,USA,LO001,8729.0,8324.0,3786.0,579.0,30702.3,40361.83,Lauren Riggs,EX001
C408,2023-10-01,2023-10-14,Facebook,CH005,Sign Up,CT001,Nunez-Bowers,CL 020,6821 Walker Via Suite 228,Lake Jessica,NE,05036-1909,michelle44@yahoo.com,James Woods,Male,18-40,AU009,UK,LO006,35652.0,8067.0,1099.0,896.0,15209.02,0.0,Wesley Simon,EX005
C409,2023-08-18,2023-09-08,Instagram,CH004,Sign Up,CT001,"Jones, Miranda and Martin",CL 055,45011 Marc Roads Apt. 548,Johnsonbury,NJ,40892,kristenhoward@yahoo.com,Christine Barnes,Male,40-60,AU003,Australia,LO007,68515.0,8051.0,922.0,309.0,8545.09,0.0,Thomas Ryan,EX003
C410,2023-09-15,2023-10-09,TikTok,CH003,Sales,CT002,Vaughan Group,CL 051,PSC 0937,Box 0339,APO AP,AP 98521,baldwinhailey@klein-fitzgerald.com,Ashley Carter,Adults,40-60,AU007,USA,LO001,56270.0,2520.0,826.0,342.0,47294.46,41131.6,Jesus Rivera,EX004
C411,2023-10-11,2023-10-15,Instagram,CH004,Sign Up,CT001,Williams PLC,CL 062,911 Thomas Manors,Longchester,ID,62649-9748,sanchezangela@butler.com,Reginald Lee,Male,18-40,AU009,Canada,LO003,90402.0,3802.0,980.0,580.0,9976.49,0.0,Michael Camacho,EX007
C412,2023-07-06,2023-07-23,Instagram,CH004,Sales,CT002,Lopez PLC,CL 001,0806 Watson Drive Suite 662,Port Andrea,DE,42578-2286,zmcintyre@bauer.info,Barbara Walker,Male,40-60,AU003,India,LO008,42778.0,9459.0,4269.0,127.0,4637.68,49981.47,Lauren Riggs,EX001
C413,2023-08-20,2023-08-21,YouTube,CH001,Sign Up,CT001,Riley PLC,CL 018,699 Anderson Glen,Parkerside,AZ,15616-1374,jennifer09@york.org,Gary Reed,Adults,40-60,AU007,LATAM,LO002,98870.0,9584.0,3416.0,996.0,24304.78,0.0,Kyle Serrano,EX010
C414,2023-01-28,2023-02-07,Email,CH002,Sign Up,CT001,"Fox, Carter and Cunningham",CL 033,99919 Michelle Green Apt. 424,West Hannah,KY,63482-6699,bradymcclain@hotmail.com,Andre Manning,Male,40-60,AU003,UK,LO006,46557.0,9249.0,836.0,258.0,22798.16,0.0,Brandon Townsend Jr.,EX002
C415,2023-12-29,2024-01-03,Facebook,CH005,Sales,CT002,"Noble, Mcneil and Cooper",CL 009,36911 Gay Streets Suite 795,Brentmouth,LA,62951-4782,sarahparks@yahoo.com,Mark Garcia,Male,40-60,AU003,Japan,LO005,65424.0,5704.0,659.0,968.0,39022.45,63867.22,Wesley Simon,EX005
C416,2023-09-29,2023-10-04,Facebook,CH005,Sales,CT002,"Bradley, Jackson and Miller",CL 026,190 Bradley Mill Suite 940,Craigbury,MO,18832,hansonpatrick@hunt.com,Dr. David Glass Jr.,Male,18-40,AU009,UK,LO006,99852.0,5736.0,2692.0,585.0,25565.29,23153.0,Melissa Haynes,EX008
C417,2023-07-04,2023-07-07,TikTok,CH003,Sales,CT002,Benjamin and Sons,CL 068,861 Knox Cape Apt. 731,Lake John,CA,62474,lrice@yahoo.com,Derek Juarez,Adults,18-40,AU001,Europe,LO004,23607.0,7530.0,52.0,896.0,45082.29,71783.64,Thomas Ryan,EX003
C418,2023-10-21,2023-11-05,TikTok,CH003,Sign Up,CT001,Cooper-Alexander,CL 039,01438 Kristin Fords Apt. 626,Port Paula,WA,20979-6415,gchavez@yang.com,Alexandria Hansen,Male,40-60,AU003,India,LO008,60380.0,9759.0,2079.0,117.0,15511.92,0.0,Thomas Ryan,EX003
C419,2023-03-20,2023-03-29,TikTok,CH003,Sign Up,CT001,"Rowe, Morse and Morgan",CL 059,247 Young Spur,North Jacobview,WI,24275,hstafford@yahoo.com,Destiny Atkins,Female,40-60,AU010,LATAM,LO002,97356.0,3716.0,3324.0,912.0,1059.01,0.0,Becky Brown,EX006
C420,2023-08-10,2023-08-23,Instagram,CH004,Sales,CT002,Patterson and Sons,CL 006,0171 Patricia Street Suite 265,Frankmouth,MS,50700-0717,nataliemartinez@hotmail.com,Christopher Riggs,Adults,40-60,AU007,Canada,LO003,53240.0,8627.0,3983.0,720.0,45491.12,47091.66,Jesus Rivera,EX004
C421,2023-02-13,2023-02-19,Email,CH002,Sales,CT002,"Brown, Lawrence and Collins",CL 054,069 Jeffrey Neck,North Jeffreyberg,VI,70669-3291,tracyfields@evans.com,Thomas Fleming,Adults,18-40,AU001,Australia,LO007,13857.0,2115.0,822.0,233.0,39297.51,53831.94,Michael Camacho,EX007
C422,2023-07-26,2023-08-12,YouTube,CH001,Sales,CT002,Melton-Smith,CL 045,03793 Jacobs Branch,West Max,MA,54633-3659,mercertimothy@huff.com,Patrick Abbott,Female,60+,AU002,UK,LO006,53410.0,899.0,1905.0,598.0,15739.73,30690.81,Lauren Riggs,EX001
C423,2023-03-21,2023-03-28,Facebook,CH005,Sales,CT002,Jones LLC,CL 035,89103 Jennings Cape Suite 740,South Dianafort,FL,68504,norrisjames@pearson-burton.biz,Danielle Hernandez,Seniors,60+,AU006,India,LO008,71708.0,2639.0,237.0,908.0,26401.21,44096.85,Aaron Faulkner,EX009
C424,2023-08-24,2023-09-07,YouTube,CH001,Sales,CT002,"Hunt, Woods and Saunders",CL 016,48531 Garcia Walk,Gonzalesville,WY,31844,rramsey@warren.com,April Brewer,Teens,13-19,AU008,Japan,LO005,14379.0,7937.0,4675.0,560.0,1123.56,84966.93,Melissa Haynes,EX008
C425,2023-03-15,2023-04-13,Email,CH002,Sales,CT002,Lyons PLC,CL 022,20804 Burgess Trace,Petersenburgh,WV,31082,nicholastaylor@yahoo.com,Sharon Crawford,Male,60+,AU005,USA,LO001,6153.0,6543.0,2885.0,84.0,29460.96,47518.67,Lauren Riggs,EX001
C426,2023-04-06,2023-04-16,YouTube,CH001,Sign Up,CT001,"Fox, Carter and Cunningham",CL 033,99919 Michelle Green Apt. 424,West Hannah,KY,63482-6699,bradymcclain@hotmail.com,Andre Manning,Adults,40-60,AU007,Europe,LO004,16628.0,8850.0,56.0,964.0,42821.54,0.0,Brandon Townsend Jr.,EX002
C427,2023-11-04,2023-11-24,Instagram,CH004,Sales,CT002,Daniels Group,CL 049,567 Jill Motorway,Sarabury,GU,20455-6244,michael10@gmail.com,Annette Rice,Female,18-40,AU004,Canada,LO003,34126.0,6026.0,4230.0,709.0,35178.52,24984.65,Wesley Simon,EX005
C428,2023-09-17,2023-10-01,Facebook,CH005,Sales,CT002,Benjamin and Sons,CL 068,861 Knox Cape Apt. 731,Lake John,CA,62474,lrice@yahoo.com,Derek Juarez,Adults,40-60,AU007,Canada,LO003,43633.0,6353.0,3907.0,364.0,19812.23,26874.35,Thomas Ryan,EX003
C429,2023-02-14,2023-02-17,YouTube,CH001,Sales,CT002,Salinas-Chavez,CL 003,53637 Bonnie Walk Suite 961,South Adrianaport,IA,49560,richard84@hotmail.com,Chelsea Hoffman,Female,18-40,AU004,USA,LO001,57729.0,962.0,3206.0,864.0,43964.59,58593.08,Thomas Ryan,EX003
C430,2023-04-12,2023-04-24,YouTube,CH001,Sales,CT002,"Arnold, Smith and Ward",CL 058,Unit 2316 Box 4709,DPO AA 90463-5066,,,michelle93@pineda-small.com,Karen Bryan,Seniors,60+,AU006,USA,LO001,50639.0,5881.0,3134.0,39.0,9152.86,59680.97,Jesus Rivera,EX004
C431,2023-04-28,2023-04-29,Email,CH002,Sales,CT002,"Mcclain, Beltran and Patterson",CL 060,2179 Obrien Fort,New Christopher,FL,6005,jeffrey07@rice.com,Bryan Moore,Male,60+,AU005,UK,LO006,60301.0,1653.0,1749.0,222.0,22768.53,49878.16,Brandon Townsend Jr.,EX002
C432,2023-05-19,2023-06-07,YouTube,CH001,Sales,CT002,Herrera-Cook,CL 040,0613 David Haven Apt. 354,North Samantha,MI,10699-1384,ijordan@gmail.com,Madison York,Male,18-40,AU009,India,LO008,38732.0,6094.0,4292.0,525.0,20221.46,61220.53,Wesley Simon,EX005
C433,2023-05-31,2023-06-23,TikTok,CH003,Sign Up,CT001,"Rowe, Morse and Morgan",CL 059,247 Young Spur,North Jacobview,WI,24275,hstafford@yahoo.com,Destiny Atkins,Male,60+,AU005,UK,LO006,74646.0,5900.0,4244.0,672.0,44010.59,0.0,Becky Brown,EX006
C434,2023-06-05,2023-06-08,YouTube,CH001,Sales,CT002,Lewis PLC,CL 013,621 Woodard Manors Apt. 208,Port Amy,ME,05157-2612,beth20@gmail.com,Diana Love,Seniors,60+,AU006,Canada,LO003,56087.0,9478.0,2527.0,708.0,44180.99,35998.44,Thomas Ryan,EX003
C435,2023-08-31,2023-09-10,Instagram,CH004,Sales,CT002,"Green, Lloyd and Ball",CL 047,30284 Villarreal Passage Apt. 698,Brownshire,NV,89609-0041,wrightlucas@yahoo.com,Shelly Stafford,Male,60+,AU005,India,LO008,40504.0,636.0,4666.0,775.0,19404.27,33819.28,Jesus Rivera,EX004
C436,2023-02-12,2023-03-08,YouTube,CH001,Sales,CT002,Smith-Bailey,CL 012,055 Rebecca Ramp,Edwardsland,WY,72139-7625,bakerpaul@holland.com,Sharon Reeves,Female,18-40,AU004,Australia,LO007,68253.0,5689.0,1495.0,487.0,48617.33,63964.53,Michael Camacho,EX007
C437,2023-01-21,2023-02-19,Instagram,CH004,Sales,CT002,Fisher-Johnston,CL 063,36491 Jennifer Park Suite 248,East David,PA,71082-4715,rellis@lindsey.com,Timothy Hernandez,Male,60+,AU005,LATAM,LO002,30582.0,8498.0,2186.0,821.0,24904.57,36493.81,Jesus Rivera,EX004
C438,2023-10-16,2023-10-23,YouTube,CH001,Sales,CT002,Wall-Cruz,CL 073,7470 Harris Roads Suite 137,Brookefort,MP,32507,davidponce@turner-copeland.com,Robert Cruz,Male,60+,AU005,Australia,LO007,18807.0,1397.0,2591.0,403.0,18392.52,69064.26,Becky Brown,EX006
C439,2023-08-17,2023-09-08,Email,CH002,Sales,CT002,Gray Ltd,CL 024,Unit 4555 Box 7398,DPO AE 23911-7290,,,owenmelinda@yahoo.com,Mark Long,Male,40-60,AU003,Canada,LO003,17141.0,655.0,179.0,927.0,2661.59,34336.25,Jesus Rivera,EX004
C440,2023-10-06,2023-10-19,TikTok,CH003,Sales,CT002,Walter Ltd,CL 017,591 Gallegos Shore,East Jennifer,VT,67675,gravessusan@gonzalez.com,Sarah Warren,Female,40-60,AU010,UK,LO006,79924.0,7630.0,2520.0,402.0,46419.77,43603.24,Aaron Faulkner,EX009
C441,2023-02-08,2023-03-03,TikTok,CH003,Sales,CT002,Fisher-Johnston,CL 063,36491 Jennifer Park Suite 248,East David,PA,71082-4715,rellis@lindsey.com,Timothy Hernandez,Male,60+,AU005,USA,LO001,86615.0,5679.0,1911.0,318.0,3757.32,55261.63,Jesus Rivera,EX004
C442,2023-08-13,2023-08-16,Facebook,CH005,Sales,CT002,Jimenez and Sons,CL 048,8451 Walter Fords Apt. 737,South Danielchester,CT,12719-1372,amartinez@oconnell.com,Justin Cole,Female,18-40,AU004,Japan,LO005,30364.0,6435.0,4042.0,591.0,28989.21,50401.3,Jesus Rivera,EX004
C443,2023-10-06,2023-10-24,YouTube,CH001,Sales,CT002,Melton-Smith,CL 045,03793 Jacobs Branch,West Max,MA,54633-3659,mercertimothy@huff.com,Patrick Abbott,Male,18-40,AU009,UK,LO006,13019.0,6849.0,612.0,899.0,35056.01,50384.03,Lauren Riggs,EX001
C444,2023-06-15,2023-07-03,YouTube,CH001,Sales,CT002,"Wheeler, Garcia and Johnson",CL 053,160 Juarez Burgs,Lynchstad,NC,54104,zhanna@knox.com,Bradley Schroeder,Male,40-60,AU003,Japan,LO005,79387.0,9773.0,3570.0,586.0,9843.87,45163.58,Aaron Faulkner,EX009
C445,2023-12-09,2023-12-30,TikTok,CH003,Sign Up,CT001,Cooper-Alexander,CL 039,01438 Kristin Fords Apt. 626,Port Paula,WA,20979-6415,gchavez@yang.com,Alexandria Hansen,Male,40-60,AU003,Europe,LO004,54337.0,2912.0,4798.0,905.0,2673.6,0.0,Thomas Ryan,EX003
C446,2023-12-10,2024-01-07,Facebook,CH005,Sign Up,CT001,"Holmes, Johnson and Rodriguez",CL 025,USCGC Erickson,FPO AE 00735-4383,,,polsen@alexander-smith.net,Anne Foley,Female,60+,AU002,Australia,LO007,86110.0,7981.0,1106.0,197.0,9066.4,0.0,Wesley Simon,EX005
C447,2023-09-03,2023-09-11,Facebook,CH005,Sales,CT002,Griffin LLC,CL 078,4454 Tanya Bridge Apt. 797,East Johnmouth,AR,45759,carlos94@ware.org,Karen Mitchell,Male,60+,AU005,Canada,LO003,40725.0,5893.0,1823.0,426.0,20962.7,62739.75,Brandon Townsend Jr.,EX002
C448,2023-04-10,2023-04-14,Email,CH002,Sales,CT002,Wall-Cruz,CL 073,7470 Harris Roads Suite 137,Brookefort,MP,32507,davidponce@turner-copeland.com,Robert Cruz,Female,60+,AU002,USA,LO001,55005.0,9036.0,2821.0,8.0,5001.79,23153.0,Becky Brown,EX006
C449,2023-07-12,2023-07-18,Instagram,CH004,Sign Up,CT001,Edwards-Hoover,CL 069,86879 Carol Cove,North Evanton,MT,25565,bryantmichelle@rocha.com,Erika Owens,Male,60+,AU005,Europe,LO004,67359.0,9113.0,1051.0,574.0,21282.52,0.0,Melissa Haynes,EX008
C450,2023-05-28,2023-06-19,Facebook,CH005,Sales,CT002,Green-Blake,CL 050,230 Brandon Bypass Apt. 679,New Melissa,TN,37505-3043,karenpayne@yahoo.com,Dustin Ramirez,Male,40-60,AU003,Japan,LO005,13179.0,9378.0,2642.0,865.0,18730.82,77176.5,Jesus Rivera,EX004
C451,2023-05-22,2023-06-09,YouTube,CH001,Sign Up,CT001,Green-Blake,CL 050,230 Brandon Bypass Apt. 679,New Melissa,TN,37505-3043,karenpayne@yahoo.com,Dustin Ramirez,Male,40-60,AU003,Australia,LO007,80977.0,9591.0,1093.0,60.0,34536.31,0.0,Jesus Rivera,EX004
C452,2023-02-08,2023-02-23,TikTok,CH003,Sales,CT002,Jackson Inc,CL 015,96299 Miller Spur,Jensenfurt,CA,97794-3156,jeremy09@yahoo.com,Karen Rivers,Male,40-60,AU003,Australia,LO007,79013.0,4659.0,2842.0,384.0,15874.27,60512.52,Thomas Ryan,EX003
C453,2023-03-17,2023-03-19,Email,CH002,Sign Up,CT001,Lewis PLC,CL 013,621 Woodard Manors Apt. 208,Port Amy,ME,05157-2612,beth20@gmail.com,Diana Love,Male,40-60,AU003,UK,LO006,84840.0,389.0,3787.0,100.0,42852.13,0.0,Thomas Ryan,EX003
C454,2023-09-28,2023-10-23,TikTok,CH003,Sales,CT002,Valentine-Dunn,CL 027,723 Julia Burg,Bartonhaven,VT,86914,gharrington@yahoo.com,Nathan May,Male,40-60,AU003,Canada,LO003,85029.0,464.0,3500.0,616.0,13072.02,23153.0,Melissa Haynes,EX008
C455,2023-09-26,2023-10-17,TikTok,CH003,Sales,CT002,Schneider PLC,CL 014,872 Davila Ville Apt. 985,Millerland,GA,42888,beasleycraig@yahoo.com,Stephen Murphy,Female,40-60,AU010,Japan,LO005,16289.0,1197.0,3178.0,35.0,42654.36,40357.54,Lauren Riggs,EX001
C456,2023-08-24,2023-09-20,Instagram,CH004,Sales,CT002,Salinas-Chavez,CL 003,53637 Bonnie Walk Suite 961,South Adrianaport,IA,49560,richard84@hotmail.com,Chelsea Hoffman,Teens,13-19,AU008,Canada,LO003,23762.0,7148.0,2078.0,748.0,592.2,49617.5,Thomas Ryan,EX003
C457,2023-01-01,2023-01-05,Facebook,CH005,Sales,CT002,"Bradley, Jackson and Miller",CL 026,190 Bradley Mill Suite 940,Craigbury,MO,18832,hansonpatrick@hunt.com,Dr. David Glass Jr.,Male,18-40,AU009,Australia,LO007,9274.0,5312.0,1880.0,208.0,864.06,77735.35,Melissa Haynes,EX008
C458,2023-06-25,2023-07-06,YouTube,CH001,Sign Up,CT001,Wade PLC,CL 041,3571 Harvey Centers,Ronaldfurt,NY,35589-6805,nhall@hotmail.com,Lacey Crane,Adults,18-40,AU001,Japan,LO005,23513.0,5142.0,2788.0,575.0,46503.7,0.0,Lauren Riggs,EX001
C459,2023-07-08,2023-07-25,Facebook,CH005,Sales,CT002,Griffin LLC,CL 078,4454 Tanya Bridge Apt. 797,East Johnmouth,AR,45759,carlos94@ware.org,Karen Mitchell,Seniors,60+,AU006,LATAM,LO002,64262.0,8103.0,3573.0,344.0,47146.07,26512.4,Brandon Townsend Jr.,EX002
C460,2023-01-25,2023-02-17,YouTube,CH001,Sales,CT002,Roberts-Howe,CL 066,64572 Dawn Forges Suite 455,South Samantha,PA,33248-5599,mckenziebrandon@allen.biz,Robert Mcintosh,Adults,18-40,AU001,Japan,LO005,64878.0,8111.0,2255.0,495.0,32214.88,80791.05,Brandon Townsend Jr.,EX002
C461,2023-03-25,2023-04-12,YouTube,CH001,Sales,CT002,Riley PLC,CL 018,699 Anderson Glen,Parkerside,AZ,15616-1374,jennifer09@york.org,Gary Reed,Female,18-40,AU004,UK,LO006,87850.0,131.0,570.0,226.0,22308.06,35750.71,Kyle Serrano,EX010
C462,2023-06-22,2023-06-27,YouTube,CH001,Sign Up,CT001,"Jones, Miranda and Martin",CL 055,45011 Marc Roads Apt. 548,Johnsonbury,NJ,40892,kristenhoward@yahoo.com,Christine Barnes,Seniors,60+,AU006,Australia,LO007,29101.0,1048.0,3994.0,288.0,33866.53,0.0,Thomas Ryan,EX003
C463,2023-10-07,2023-10-21,YouTube,CH001,Sales,CT002,"Hunt, Woods and Saunders",CL 016,48531 Garcia Walk,Gonzalesville,WY,31844,rramsey@warren.com,April Brewer,Seniors,60+,AU006,India,LO008,93631.0,4821.0,4899.0,147.0,29980.64,95383.75,Melissa Haynes,EX008
C464,2023-09-12,2023-10-06,Instagram,CH004,Sales,CT002,"Jones, Miranda and Martin",CL 055,45011 Marc Roads Apt. 548,Johnsonbury,NJ,40892,kristenhoward@yahoo.com,Christine Barnes,Male,40-60,AU003,UK,LO006,26281.0,7558.0,3498.0,135.0,7777.75,45364.03,Thomas Ryan,EX003
C465,2023-12-26,2024-01-15,Email,CH002,Sales,CT002,Edwards LLC,CL 043,123 Amanda Summit,Lake Marietown,IL,81773-5493,tinamckay@sharp-smith.com,Matthew Davis,Male,18-40,AU009,India,LO008,60877.0,9619.0,3737.0,170.0,32738.78,80317.93,Melissa Haynes,EX008
C466,2023-11-23,2023-12-04,TikTok,CH003,Sign Up,CT001,Cooper-Alexander,CL 039,01438 Kristin Fords Apt. 626,Port Paula,WA,20979-6415,gchavez@yang.com,Alexandria Hansen,Adults,40-60,AU007,UK,LO006,27755.0,1974.0,910.0,754.0,22563.25,0.0,Thomas Ryan,EX003
C467,2023-03-27,2023-04-23,Email,CH002,Sales,CT002,Reyes-Rios,CL 030,49937 Christopher Unions,Gutierrezmouth,MI,13751-5785,cunninghamjerry@gmail.com,Eric Davis,Teens,13-19,AU008,UK,LO006,21508.0,8361.0,131.0,701.0,34346.36,52017.66,Wesley Simon,EX005
C468,2023-08-11,2023-09-06,Facebook,CH005,Sales,CT002,Valentine-Dunn,CL 027,723 Julia Burg,Bartonhaven,VT,86914,gharrington@yahoo.com,Nathan May,Female,60+,AU002,Japan,LO005,41500.0,3640.0,1108.0,240.0,22096.29,73461.49,Melissa Haynes,EX008
C469,2023-05-11,2023-05-17,Email,CH002,Sales,CT002,"Brown, Lawrence and Collins",CL 054,069 Jeffrey Neck,North Jeffreyberg,VI,70669-3291,tracyfields@evans.com,Thomas Fleming,Male,18-40,AU009,USA,LO001,64553.0,6556.0,4054.0,618.0,47531.13,72735.73,Michael Camacho,EX007
C470,2023-09-30,2023-10-13,YouTube,CH001,Sales,CT002,"Miller, Bryant and Burnett",CL 037,1044 Kennedy Prairie Apt. 186,Jamiemouth,NE,12690-6573,bjohnson@martin-williams.com,Christopher Clark,Male,18-40,AU009,Australia,LO007,96281.0,7993.0,2052.0,174.0,5725.53,97326.29,Aaron Faulkner,EX009
C471,2023-12-12,2023-12-21,Facebook,CH005,Sales,CT002,Hernandez Inc,CL 052,9452 Amber Mills,Lopezville,NV,94038-0838,uhansen@livingston.com,Traci Holden,Adults,18-40,AU001,Canada,LO003,16896.0,9076.0,2450.0,844.0,45265.9,64523.47,Melissa Haynes,EX008
C472,2023-07-20,2023-08-15,Instagram,CH004,Sales,CT002,"Noble, Mcneil and Cooper",CL 009,36911 Gay Streets Suite 795,Brentmouth,LA,62951-4782,sarahparks@yahoo.com,Mark Garcia,Adults,40-60,AU007,Japan,LO005,52251.0,8700.0,4950.0,985.0,34990.79,76195.48,Wesley Simon,EX005
C473,2023-09-06,2023-09-08,Facebook,CH005,Sales,CT002,"Parker, Velasquez and Dixon",CL 036,33302 Fuller Lakes,West Christopher,MH,17095,hutchinsonmary@gmail.com,Brian George,Female,18-40,AU004,Australia,LO007,9327.0,6514.0,2424.0,298.0,30876.07,77456.39,Aaron Faulkner,EX009
C474,2023-02-03,2023-02-05,YouTube,CH001,Sign Up,CT001,Lewis-Martinez,CL 067,37059 Bates Prairie Suite 432,Port Robertmouth,MN,28374,joshua06@king.com,Angela Anderson,Adults,18-40,AU001,USA,LO001,89065.0,9797.0,3144.0,10.0,33822.32,0.0,Aaron Faulkner,EX009
C475,2023-08-23,2023-09-12,YouTube,CH001,Sales,CT002,Riley PLC,CL 018,699 Anderson Glen,Parkerside,AZ,15616-1374,jennifer09@york.org,Gary Reed,Female,60+,AU002,India,LO008,38344.0,610.0,2973.0,717.0,38461.72,44140.75,Kyle Serrano,EX010
C476,2023-07-02,2023-07-07,YouTube,CH001,Sales,CT002,"Bradley, Jackson and Miller",CL 026,190 Bradley Mill Suite 940,Craigbury,MO,18832,hansonpatrick@hunt.com,Dr. David Glass Jr.,Male,60+,AU005,Australia,LO007,12027.0,8229.0,720.0,437.0,44001.35,69462.87,Melissa Haynes,EX008
C477,2023-02-20,2023-02-22,Instagram,CH004,Sales,CT002,Lewis-Martinez,CL 067,37059 Bates Prairie Suite 432,Port Robertmouth,MN,28374,joshua06@king.com,Angela Anderson,Male,40-60,AU003,UK,LO006,62975.0,5867.0,2083.0,446.0,45506.88,78754.45,Aaron Faulkner,EX009
C478,2023-05-03,2023-05-17,YouTube,CH001,Sign Up,CT001,Herrera-Cook,CL 040,0613 David Haven Apt. 354,North Samantha,MI,10699-1384,ijordan@gmail.com,Madison York,Female,60+,AU002,Europe,LO004,60112.0,4127.0,2615.0,417.0,34949.67,0.0,Wesley Simon,EX005
C479,2023-05-22,2023-05-31,YouTube,CH001,Sales,CT002,Jones LLC,CL 035,89103 Jennings Cape Suite 740,South Dianafort,FL,68504,norrisjames@pearson-burton.biz,Danielle Hernandez,Male,18-40,AU009,Canada,LO003,98449.0,4709.0,4091.0,539.0,22987.9,50796.5,Aaron Faulkner,EX009
C480,2023-12-10,2024-01-02,Instagram,CH004,Sales,CT002,Weaver-Hoover,CL 007,050 Andrews Green,North Renee,VT,22014-1131,jacqueline32@dominguez.biz,Kathy Mahoney,Adults,40-60,AU007,Japan,LO005,3091.0,6185.0,2400.0,168.0,48184.77,44032.24,Brandon Townsend Jr.,EX002
C481,2023-05-25,2023-05-27,TikTok,CH003,Sign Up,CT001,Phillips-Lewis,CL 057,152 Munoz Spur,Richardbury,NE,64820-6682,ssullivan@yahoo.com,April Williams,Teens,13-19,AU008,Canada,LO003,29533.0,4523.0,4816.0,55.0,25895.84,0.0,Aaron Faulkner,EX009
C482,2023-09-02,2023-09-21,TikTok,CH003,Sign Up,CT001,Gray Ltd,CL 024,Unit 4555 Box 7398,DPO AE 23911-7290,,,owenmelinda@yahoo.com,Mark Long,Female,40-60,AU010,Australia,LO007,45593.0,3214.0,4125.0,411.0,19649.27,0.0,Jesus Rivera,EX004
C483,2023-12-18,2024-01-17,YouTube,CH001,Sign Up,CT001,"James, Phelps and Burgess",CL 032,026 Good Ports Apt. 881,Port Adam,KY,82799-9255,edurham@hotmail.com,Vanessa Miranda,Female,60+,AU002,LATAM,LO002,27573.0,5847.0,100.0,235.0,4424.17,0.0,Lauren Riggs,EX001
C484,2023-06-17,2023-06-19,Email,CH002,Sales,CT002,Salinas-Chavez,CL 003,53637 Bonnie Walk Suite 961,South Adrianaport,IA,49560,richard84@hotmail.com,Chelsea Hoffman,Adults,18-40,AU001,LATAM,LO002,31939.0,6216.0,1248.0,930.0,45788.59,59734.03,Thomas Ryan,EX003
C485,2023-12-11,2023-12-26,YouTube,CH001,Sales,CT002,Schneider PLC,CL 014,872 Davila Ville Apt. 985,Millerland,GA,42888,beasleycraig@yahoo.com,Stephen Murphy,Male,18-40,AU009,India,LO008,11890.0,1473.0,2731.0,961.0,34988.95,69062.81,Lauren Riggs,EX001
C486,2023-06-23,2023-07-10,Instagram,CH004,Sales,CT002,Jones LLC,CL 035,89103 Jennings Cape Suite 740,South Dianafort,FL,68504,norrisjames@pearson-burton.biz,Danielle Hernandez,Male,18-40,AU009,Canada,LO003,87589.0,246.0,162.0,913.0,47925.74,51444.53,Aaron Faulkner,EX009
C487,2023-10-27,2023-10-31,TikTok,CH003,Sales,CT002,Williams PLC,CL 062,911 Thomas Manors,Longchester,ID,62649-9748,sanchezangela@butler.com,Reginald Lee,Male,18-40,AU009,Canada,LO003,69587.0,2809.0,3741.0,841.0,39179.98,51449.61,Michael Camacho,EX007
C488,2023-10-06,2023-10-30,Email,CH002,Sign Up,CT001,"Cohen, Williams and Hess",CL 061,93243 Lee Loop Apt. 832,North Jonathanland,MP,43605-6685,shawn39@gmail.com,Mr. Nicholas Ramirez,Seniors,60+,AU006,USA,LO001,65513.0,9485.0,4034.0,709.0,48453.46,0.0,Jesus Rivera,EX004
C489,2023-06-30,2023-07-21,YouTube,CH001,Sales,CT002,"Brown, Lawrence and Collins",CL 054,069 Jeffrey Neck,North Jeffreyberg,VI,70669-3291,tracyfields@evans.com,Thomas Fleming,Female,40-60,AU010,India,LO008,16473.0,1135.0,2697.0,653.0,7211.94,71308.77,Michael Camacho,EX007
C490,2023-04-27,2023-04-29,YouTube,CH001,Sign Up,CT001,Benjamin and Sons,CL 068,861 Knox Cape Apt. 731,Lake John,CA,62474,lrice@yahoo.com,Derek Juarez,Female,40-60,AU010,Australia,LO007,13030.0,9949.0,2192.0,123.0,19759.83,0.0,Thomas Ryan,EX003
C491,2023-12-27,2024-01-25,TikTok,CH003,Sales,CT002,"Mcclain, Beltran and Patterson",CL 060,2179 Obrien Fort,New Christopher,FL,6005,jeffrey07@rice.com,Bryan Moore,Adults,18-40,AU001,India,LO008,82951.0,432.0,3604.0,462.0,38453.07,38117.92,Brandon Townsend Jr.,EX002
C492,2023-05-22,2023-05-29,TikTok,CH003,Sign Up,CT001,Daniels Group,CL 049,567 Jill Motorway,Sarabury,GU,20455-6244,michael10@gmail.com,Annette Rice,Male,40-60,AU003,India,LO008,18825.0,2232.0,1071.0,470.0,11488.98,0.0,Wesley Simon,EX005
C493,2023-03-20,2023-04-18,Instagram,CH004,Sales,CT002,"James, Phelps and Burgess",CL 032,026 Good Ports Apt. 881,Port Adam,KY,82799-9255,edurham@hotmail.com,Vanessa Miranda,Male,60+,AU005,USA,LO001,25328.0,9309.0,223.0,899.0,31204.31,42613.32,Lauren Riggs,EX001
C494,2023-12-18,2024-01-14,YouTube,CH001,Sales,CT002,Benjamin and Sons,CL 068,861 Knox Cape Apt. 731,Lake John,CA,62474,lrice@yahoo.com,Derek Juarez,Teens,13-19,AU008,USA,LO001,33195.0,3478.0,626.0,242.0,49669.98,42635.32,Thomas Ryan,EX003
C495,2023-12-01,2023-12-11,YouTube,CH001,Sales,CT002,Anderson Inc,CL 034,Unit 0015 Box 7678,DPO AE 55030-2816,,,jgomez@gmail.com,Morgan Gross,Adults,18-40,AU001,USA,LO001,27553.0,2995.0,4162.0,167.0,7770.28,23553.43,Thomas Ryan,EX003
C496,2023-08-28,2023-08-29,Email,CH002,Sign Up,CT001,"Holmes, Johnson and Rodriguez",CL 025,USCGC Erickson,FPO AE 00735-4383,,,polsen@alexander-smith.net,Anne Foley,Adults,18-40,AU001,Australia,LO007,25825.0,3705.0,2671.0,664.0,34975.09,0.0,Wesley Simon,EX005
C497,2023-04-03,2023-05-01,Email,CH002,Sign Up,CT001,Walter Ltd,CL 017,591 Gallegos Shore,East Jennifer,VT,67675,gravessusan@gonzalez.com,Sarah Warren,Seniors,60+,AU006,USA,LO001,75445.0,3803.0,4450.0,994.0,2592.59,0.0,Aaron Faulkner,EX009
C498,2023-03-13,2023-04-04,TikTok,CH003,Sales,CT002,Anderson Inc,CL 034,Unit 0015 Box 7678,DPO AE 55030-2816,,,jgomez@gmail.com,Morgan Gross,Adults,40-60,AU007,Europe,LO004,36828.0,5200.0,1830.0,363.0,34219.4,39084.37,Thomas Ryan,EX003
C499,2023-05-08,2023-05-13,Email,CH002,Sales,CT002,Valentine-Dunn,CL 027,723 Julia Burg,Bartonhaven,VT,86914,gharrington@yahoo.com,Nathan May,Male,60+,AU005,India,LO008,27050.0,1773.0,4978.0,665.0,44276.09,69124.09,Melissa Haynes,EX008
C500,2023-03-25,2023-04-22,TikTok,CH003,Sign Up,CT001,"Green, Lloyd and Ball",CL 047,30284 Villarreal Passage Apt. 698,Brownshire,NV,89609-0041,wrightlucas@yahoo.com,Shelly Stafford,Teens,13-19,AU008,Canada,LO003,28525.0,8245.0,3024.0,942.0,16985.61,0.0,Jesus Rivera,EX004
C501,2023-11-14,2023-11-18,Facebook,CH005,Sales,CT002,"Noble, Mcneil and Cooper",CL 009,36911 Gay Streets Suite 795,Brentmouth,LA,62951-4782,sarahparks@yahoo.com,Mark Garcia,Female,40-60,AU010,USA,LO001,45801.0,5956.0,750.0,260.0,4259.12,44644.05,Wesley Simon,EX005
C502,2023-01-27,2023-02-07,Instagram,CH004,Sales,CT002,Lyons PLC,CL 022,20804 Burgess Trace,Petersenburgh,WV,31082,nicholastaylor@yahoo.com,Sharon Crawford,Female,40-60,AU010,Europe,LO004,91082.0,4847.0,105.0,262.0,17928.5,66105.1,Lauren Riggs,EX001
C503,2023-01-13,2023-02-02,TikTok,CH003,Sales,CT002,"Bradley, Jackson and Miller",CL 026,190 Bradley Mill Suite 940,Craigbury,MO,18832,hansonpatrick@hunt.com,Dr. David Glass Jr.,Male,60+,AU005,Australia,LO007,1025.0,604.0,1468.0,354.0,29787.51,61922.17,Melissa Haynes,EX008
C504,2023-01-25,2023-02-13,TikTok,CH003,Sign Up,CT001,Hernandez Inc,CL 052,9452 Amber Mills,Lopezville,NV,94038-0838,uhansen@livingston.com,Traci Holden,Female,40-60,AU010,LATAM,LO002,81191.0,5184.0,1478.0,548.0,22718.62,0.0,Melissa Haynes,EX008
C505,2023-07-05,2023-08-03,Instagram,CH004,Sign Up,CT001,Schneider PLC,CL 014,872 Davila Ville Apt. 985,Millerland,GA,42888,beasleycraig@yahoo.com,Stephen Murphy,Adults,18-40,AU001,UK,LO006,77496.0,509.0,3957.0,252.0,10008.32,0.0,Lauren Riggs,EX001
C506,2023-03-14,2023-04-07,Facebook,CH005,Sales,CT002,"Holloway, Cox and Ford",CL 046,7800 Dorsey Tunnel Suite 734,West Tracy,UT,56027,joseph49@hodges-campbell.com,Dennis Carr,Male,60+,AU005,LATAM,LO002,35326.0,7840.0,3323.0,447.0,34654.96,23153.0,Brandon Townsend Jr.,EX002
C507,2023-04-17,2023-05-01,TikTok,CH003,Sales,CT002,"Jones, Miranda and Martin",CL 055,45011 Marc Roads Apt. 548,Johnsonbury,NJ,40892,kristenhoward@yahoo.com,Christine Barnes,Seniors,60+,AU006,Japan,LO005,40991.0,7887.0,2576.0,196.0,6905.82,27008.14,Thomas Ryan,EX003
C508,2023-02-07,2023-03-09,Email,CH002,Sign Up,CT001,"Arnold, Smith and Ward",CL 058,Unit 2316 Box 4709,DPO AA 90463-5066,,,michelle93@pineda-small.com,Karen Bryan,Male,60+,AU005,USA,LO001,73480.0,2539.0,1229.0,394.0,23611.62,0.0,Jesus Rivera,EX004
C509,2023-04-27,2023-05-17,Email,CH002,Sales,CT002,Griffin LLC,CL 078,4454 Tanya Bridge Apt. 797,East Johnmouth,AR,45759,carlos94@ware.org,Karen Mitchell,Female,18-40,AU004,Canada,LO003,87797.0,2203.0,673.0,150.0,45722.87,79661.78,Brandon Townsend Jr.,EX002
C510,2023-02-27,2023-03-25,TikTok,CH003,Sales,CT002,Fisher-Johnston,CL 063,36491 Jennifer Park Suite 248,East David,PA,71082-4715,rellis@lindsey.com,Timothy Hernandez,Adults,18-40,AU001,UK,LO006,21115.0,3073.0,3909.0,940.0,15351.2,60822.54,Jesus Rivera,EX004
C511,2023-05-31,2023-06-08,Facebook,CH005,Sales,CT002,"Holmes, Johnson and Rodriguez",CL 025,USCGC Erickson,FPO AE 00735-4383,,,polsen@alexander-smith.net,Anne Foley,Seniors,60+,AU006,UK,LO006,86512.0,5480.0,3885.0,641.0,35513.81,44981.99,Wesley Simon,EX005
C512,2023-02-06,2023-02-15,YouTube,CH001,Sign Up,CT001,"Holloway, Cox and Ford",CL 046,7800 Dorsey Tunnel Suite 734,West Tracy,UT,56027,joseph49@hodges-campbell.com,Dennis Carr,Male,18-40,AU009,UK,LO006,51129.0,4112.0,868.0,492.0,37925.11,0.0,Brandon Townsend Jr.,EX002
C513,2023-04-01,2023-04-29,Instagram,CH004,Sales,CT002,Drake-Vasquez,CL 038,8980 Cox Park,South Robert,NV,66099-6728,tylersheila@hicks.com,Teresa Doyle,Female,18-40,AU004,LATAM,LO002,5158.0,8481.0,797.0,117.0,18699.48,63014.62,Michael Camacho,EX007
C514,2023-02-19,2023-02-20,Email,CH002,Sales,CT002,Griffin Inc,CL 065,Unit 3822 Box 8338,DPO AE 21031-0227,,,dixonamber@hotmail.com,Theodore Murphy,Female,18-40,AU004,Europe,LO004,23084.0,4180.0,4345.0,229.0,38984.91,33875.98,Brandon Townsend Jr.,EX002
C515,2023-02-07,2023-02-11,YouTube,CH001,Sales,CT002,"Arnold, Smith and Ward",CL 058,Unit 2316 Box 4709,DPO AA 90463-5066,,,michelle93@pineda-small.com,Karen Bryan,Teens,13-19,AU008,USA,LO001,40088.0,3475.0,1577.0,78.0,10448.16,24110.0,Jesus Rivera,EX004
C516,2023-10-30,2023-11-19,YouTube,CH001,Sales,CT002,"James, Phelps and Burgess",CL 032,026 Good Ports Apt. 881,Port Adam,KY,82799-9255,edurham@hotmail.com,Vanessa Miranda,Male,40-60,AU003,Europe,LO004,47451.0,4528.0,1025.0,922.0,28584.68,37684.47,Lauren Riggs,EX001
C517,2023-11-27,2023-12-13,YouTube,CH001,Sign Up,CT001,Griffin LLC,CL 078,4454 Tanya Bridge Apt. 797,East Johnmouth,AR,45759,carlos94@ware.org,Karen Mitchell,Female,40-60,AU010,USA,LO001,98070.0,4008.0,4672.0,160.0,6708.46,0.0,Brandon Townsend Jr.,EX002
C518,2023-04-14,2023-04-26,YouTube,CH001,Sales,CT002,Harmon Inc,CL 075,3532 Carla Spurs Suite 631,East Susanside,VA,63110-6508,steven77@miller.com,Heidi Black,Teens,13-19,AU008,UK,LO006,17621.0,5194.0,1547.0,322.0,23214.58,28309.73,Kyle Serrano,EX010
C519,2023-05-29,2023-06-25,TikTok,CH003,Sales,CT002,"Miller, Bryant and Burnett",CL 037,1044 Kennedy Prairie Apt. 186,Jamiemouth,NE,12690-6573,bjohnson@martin-williams.com,Christopher Clark,Male,60+,AU005,Canada,LO003,22146.0,466.0,796.0,565.0,24724.64,67172.62,Aaron Faulkner,EX009
C520,2023-05-21,2023-06-19,TikTok,CH003,Sign Up,CT001,"Morris, Johnson and Anderson",CL 021,065 John Street,West Adamchester,NV,72944-3914,johnsondonald@meyer.com,Sandy Mathis,Female,40-60,AU010,India,LO008,32285.0,3446.0,464.0,141.0,16098.17,0.0,Kyle Serrano,EX010
C521,2023-06-30,2023-07-09,TikTok,CH003,Sales,CT002,Roberts-Brown,CL 019,725 Peter Lights Apt. 639,South Janet,WV,83873-6339,nguyendustin@gmail.com,Samantha Hudson,Female,18-40,AU004,Canada,LO003,93631.0,6624.0,4879.0,575.0,8447.78,23153.0,Thomas Ryan,EX003
C522,2023-07-01,2023-07-13,Instagram,CH004,Sales,CT002,Salinas-Chavez,CL 003,53637 Bonnie Walk Suite 961,South Adrianaport,IA,49560,richard84@hotmail.com,Chelsea Hoffman,Male,40-60,AU003,LATAM,LO002,98967.0,9994.0,1398.0,405.0,28786.24,38972.33,Thomas Ryan,EX003
C523,2023-09-15,2023-09-23,Email,CH002,Sign Up,CT001,Lewis-Martinez,CL 067,37059 Bates Prairie Suite 432,Port Robertmouth,MN,28374,joshua06@king.com,Angela Anderson,Adults,18-40,AU001,Japan,LO005,26488.0,4215.0,3710.0,963.0,20125.89,0.0,Aaron Faulkner,EX009
C524,2023-10-20,2023-11-01,Email,CH002,Sales,CT002,Jimenez and Sons,CL 048,8451 Walter Fords Apt. 737,South Danielchester,CT,12719-1372,amartinez@oconnell.com,Justin Cole,Female,40-60,AU010,Japan,LO005,83320.0,6709.0,3000.0,111.0,2636.02,57022.8,Jesus Rivera,EX004
C525,2023-01-02,2023-01-07,Facebook,CH005,Sales,CT002,Roberts-Brown,CL 019,725 Peter Lights Apt. 639,South Janet,WV,83873-6339,nguyendustin@gmail.com,Samantha Hudson,Male,40-60,AU003,LATAM,LO002,17434.0,8058.0,4913.0,903.0,33197.16,36827.73,Thomas Ryan,EX003
C526,2023-03-30,2023-04-23,YouTube,CH001,Sales,CT002,Vaughan Group,CL 051,PSC 0937,Box 0339,APO AP,AP 98521,baldwinhailey@klein-fitzgerald.com,Ashley Carter,Teens,13-19,AU008,Australia,LO007,30372.0,9774.0,4169.0,283.0,22544.06,40877.57,Jesus Rivera,EX004
C527,2023-12-26,2024-01-02,TikTok,CH003,Sign Up,CT001,"Hunt, Woods and Saunders",CL 016,48531 Garcia Walk,Gonzalesville,WY,31844,rramsey@warren.com,April Brewer,Female,60+,AU002,USA,LO001,53283.0,6082.0,3783.0,960.0,24511.44,0.0,Melissa Haynes,EX008
C528,2023-09-01,2023-09-02,Facebook,CH005,Sales,CT002,Nunez-Bowers,CL 020,6821 Walker Via Suite 228,Lake Jessica,NE,05036-1909,michelle44@yahoo.com,James Woods,Female,40-60,AU010,LATAM,LO002,70975.0,3098.0,2857.0,289.0,29042.22,64916.34,Wesley Simon,EX005
C529,2023-12-27,2024-01-23,Facebook,CH005,Sales,CT002,"Morris, Johnson and Anderson",CL 021,065 John Street,West Adamchester,NV,72944-3914,johnsondonald@meyer.com,Sandy Mathis,Male,18-40,AU009,USA,LO001,24082.0,4912.0,650.0,518.0,40666.82,28986.86,Kyle Serrano,EX010
C530,2023-07-29,2023-08-27,Instagram,CH004,Sales,CT002,"Fox, Carter and Cunningham",CL 033,99919 Michelle Green Apt. 424,West Hannah,KY,63482-6699,bradymcclain@hotmail.com,Andre Manning,Female,60+,AU002,Australia,LO007,58154.0,7801.0,3685.0,834.0,45403.99,64569.68,Brandon Townsend Jr.,EX002
C531,2023-09-23,2023-10-02,YouTube,CH001,Sales,CT002,Wall-Cruz,CL 073,7470 Harris Roads Suite 137,Brookefort,MP,32507,davidponce@turner-copeland.com,Robert Cruz,Male,60+,AU005,Japan,LO005,57788.0,1904.0,4492.0,264.0,36423.99,59316.61,Becky Brown,EX006
C532,2023-01-15,2023-01-25,Facebook,CH005,Sign Up,CT001,"Green, Lloyd and Ball",CL 047,30284 Villarreal Passage Apt. 698,Brownshire,NV,89609-0041,wrightlucas@yahoo.com,Shelly Stafford,Adults,40-60,AU007,Europe,LO004,35782.0,7277.0,1257.0,48.0,12829.76,0.0,Jesus Rivera,EX004
C533,2023-04-25,2023-05-20,Email,CH002,Sales,CT002,Roberts-Howe,CL 066,64572 Dawn Forges Suite 455,South Samantha,PA,33248-5599,mckenziebrandon@allen.biz,Robert Mcintosh,Adults,18-40,AU001,Canada,LO003,68780.0,4304.0,947.0,385.0,1383.25,38112.03,Brandon Townsend Jr.,EX002
C534,2023-06-21,2023-06-22,TikTok,CH003,Sign Up,CT001,"Weaver, Garner and Ramos",CL 002,2933 Ortiz Overpass Suite 099,South Douglasburgh,KY,52632-7557,oscott@gmail.com,Melinda Johnston,Adults,40-60,AU007,Australia,LO007,8588.0,3026.0,2834.0,494.0,42958.17,0.0,Brandon Townsend Jr.,EX002
C535,2023-03-26,2023-03-30,Instagram,CH004,Sales,CT002,"Parker, Velasquez and Dixon",CL 036,33302 Fuller Lakes,West Christopher,MH,17095,hutchinsonmary@gmail.com,Brian George,Female,40-60,AU010,Canada,LO003,2032.0,8324.0,3692.0,494.0,17958.56,62543.34,Aaron Faulkner,EX009
C536,2023-05-22,2023-06-09,Email,CH002,Sales,CT002,Herrera-Cook,CL 040,0613 David Haven Apt. 354,North Samantha,MI,10699-1384,ijordan@gmail.com,Madison York,Teens,13-19,AU008,Japan,LO005,40314.0,2283.0,1137.0,97.0,7948.59,43440.14,Wesley Simon,EX005
C537,2023-11-22,2023-12-14,Instagram,CH004,Sales,CT002,Williams PLC,CL 062,911 Thomas Manors,Longchester,ID,62649-9748,sanchezangela@butler.com,Reginald Lee,Female,60+,AU002,Canada,LO003,47633.0,2473.0,3114.0,969.0,28810.28,50538.61,Michael Camacho,EX007
C538,2023-08-21,2023-09-08,Instagram,CH004,Sales,CT002,"James, Phelps and Burgess",CL 032,026 Good Ports Apt. 881,Port Adam,KY,82799-9255,edurham@hotmail.com,Vanessa Miranda,Female,40-60,AU010,LATAM,LO002,80744.0,9567.0,3831.0,300.0,21503.77,46612.23,Lauren Riggs,EX001
C539,2023-07-24,2023-07-26,YouTube,CH001,Sales,CT002,Herrera-Cook,CL 040,0613 David Haven Apt. 354,North Samantha,MI,10699-1384,ijordan@gmail.com,Madison York,Female,40-60,AU010,LATAM,LO002,31148.0,9685.0,4695.0,443.0,11770.88,53470.57,Wesley Simon,EX005
C540,2023-10-26,2023-10-27,YouTube,CH001,Sales,CT002,Griffin Inc,CL 065,Unit 3822 Box 8338,DPO AE 21031-0227,,,dixonamber@hotmail.com,Theodore Murphy,Adults,18-40,AU001,Europe,LO004,54126.0,3241.0,3876.0,417.0,12363.43,43394.78,Brandon Townsend Jr.,EX002
C541,2023-12-31,2024-01-16,Facebook,CH005,Sign Up,CT001,"Bush, Mendez and Smith",CL 028,791 Darryl Squares Suite 934,Holdenport,OH,41129-2197,churchtimothy@yahoo.com,Patrick Williams,Seniors,60+,AU006,Canada,LO003,3141.0,2066.0,4858.0,707.0,33079.51,0.0,Brandon Townsend Jr.,EX002
C542,2023-04-12,2023-05-06,Email,CH002,Sign Up,CT001,Roberts-Brown,CL 019,725 Peter Lights Apt. 639,South Janet,WV,83873-6339,nguyendustin@gmail.com,Samantha Hudson,Female,18-40,AU004,Canada,LO003,71363.0,4901.0,2954.0,229.0,42744.36,0.0,Thomas Ryan,EX003
C543,2023-04-08,2023-04-12,Instagram,CH004,Sign Up,CT001,Cooper-Alexander,CL 039,01438 Kristin Fords Apt. 626,Port Paula,WA,20979-6415,gchavez@yang.com,Alexandria Hansen,Male,18-40,AU009,Europe,LO004,77069.0,4269.0,3216.0,647.0,22090.59,0.0,Thomas Ryan,EX003
C544,2023-04-21,2023-05-20,TikTok,CH003,Sales,CT002,Green-Blake,CL 050,230 Brandon Bypass Apt. 679,New Melissa,TN,37505-3043,karenpayne@yahoo.com,Dustin Ramirez,Adults,40-60,AU007,Europe,LO004,58876.0,3430.0,2111.0,19.0,39613.38,34503.35,Jesus Rivera,EX004
C545,2023-12-09,2023-12-21,TikTok,CH003,Sales,CT002,Fisher Group,CL 023,880 Watson Ramp Suite 059,Reynoldsfurt,GU,10725,brian57@hotmail.com,Jeremy Baker,Adults,18-40,AU001,UK,LO006,45538.0,4754.0,1731.0,825.0,44619.17,23153.0,Melissa Haynes,EX008
C546,2023-11-10,2023-11-16,Instagram,CH004,Sign Up,CT001,Smith-Bailey,CL 012,055 Rebecca Ramp,Edwardsland,WY,72139-7625,bakerpaul@holland.com,Sharon Reeves,Male,60+,AU005,Australia,LO007,89920.0,6865.0,1180.0,635.0,17851.68,0.0,Michael Camacho,EX007
C547,2023-12-09,2024-01-08,Facebook,CH005,Sign Up,CT001,Reed-Johnson,CL 070,01161 Mcintyre Burg,Robinsonport,CO,51964,stacy50@bates-martin.com,John Terrell,Female,60+,AU002,Japan,LO005,19751.0,105.0,2064.0,390.0,39438.63,0.0,Becky Brown,EX006
C548,2023-11-15,2023-11-21,Instagram,CH004,Sales,CT002,Anderson Inc,CL 034,Unit 0015 Box 7678,DPO AE 55030-2816,,,jgomez@gmail.com,Morgan Gross,Male,60+,AU005,UK,LO006,8239.0,7428.0,1891.0,418.0,11415.21,70333.73,Thomas Ryan,EX003
C549,2023-06-05,2023-06-30,Facebook,CH005,Sales,CT002,Anderson Inc,CL 034,Unit 0015 Box 7678,DPO AE 55030-2816,,,jgomez@gmail.com,Morgan Gross,Male,40-60,AU003,Australia,LO007,37914.0,3566.0,3760.0,192.0,40046.15,43759.64,Thomas Ryan,EX003
C550,2023-10-05,2023-10-06,TikTok,CH003,Sign Up,CT001,Mcbride-Finley,CL 029,438 Brent Roads Apt. 855,Tylerburgh,NY,69473,mcclainhannah@jensen-gilbert.com,Michael Freeman,Adults,40-60,AU007,India,LO008,85675.0,1929.0,371.0,482.0,2333.47,0.0,Jesus Rivera,EX004
C551,2023-04-10,2023-05-02,TikTok,CH003,Sign Up,CT001,"Green, Lloyd and Ball",CL 047,30284 Villarreal Passage Apt. 698,Brownshire,NV,89609-0041,wrightlucas@yahoo.com,Shelly Stafford,Female,18-40,AU004,UK,LO006,59750.0,5191.0,4322.0,179.0,11171.37,0.0,Jesus Rivera,EX004
C552,2023-07-02,2023-07-04,YouTube,CH001,Sales,CT002,Schneider PLC,CL 014,872 Davila Ville Apt. 985,Millerland,GA,42888,beasleycraig@yahoo.com,Stephen Murphy,Male,18-40,AU009,Japan,LO005,8281.0,2729.0,2207.0,590.0,33766.67,30713.37,Lauren Riggs,EX001
C553,2023-01-16,2023-02-02,Facebook,CH005,Sales,CT002,Jackson Inc,CL 015,96299 Miller Spur,Jensenfurt,CA,97794-3156,jeremy09@yahoo.com,Karen Rivers,Male,60+,AU005,Canada,LO003,92881.0,8244.0,1048.0,597.0,30183.91,71056.63,Thomas Ryan,EX003
C554,2023-03-25,2023-04-06,Facebook,CH005,Sales,CT002,"Fox, Carter and Cunningham",CL 033,99919 Michelle Green Apt. 424,West Hannah,KY,63482-6699,bradymcclain@hotmail.com,Andre Manning,Female,18-40,AU004,USA,LO001,25102.0,423.0,2306.0,115.0,21717.1,26212.19,Brandon Townsend Jr.,EX002
C555,2023-11-26,2023-11-29,Email,CH002,Sales,CT002,White Ltd,CL 005,172 Angela Crescent Apt. 306,North Laura,HI,69094-7497,jeremy56@gmail.com,Nathan Weber,Teens,13-19,AU008,USA,LO001,28434.0,5705.0,2762.0,611.0,38953.97,45282.52,Jesus Rivera,EX004
C556,2023-09-02,2023-09-20,TikTok,CH003,Sales,CT002,Walter Ltd,CL 017,591 Gallegos Shore,East Jennifer,VT,67675,gravessusan@gonzalez.com,Sarah Warren,Female,40-60,AU010,Japan,LO005,77248.0,7277.0,2513.0,645.0,31711.24,33292.71,Aaron Faulkner,EX009
C557,2023-12-07,2023-12-24,TikTok,CH003,Sign Up,CT001,Phillips-Lewis,CL 057,152 Munoz Spur,Richardbury,NE,64820-6682,ssullivan@yahoo.com,April Williams,Female,18-40,AU004,Europe,LO004,64760.0,6901.0,592.0,357.0,2343.95,0.0,Aaron Faulkner,EX009
C558,2023-06-04,2023-07-01,Facebook,CH005,Sales,CT002,Herrera-Cook,CL 040,0613 David Haven Apt. 354,North Samantha,MI,10699-1384,ijordan@gmail.com,Madison York,Adults,40-60,AU007,Japan,LO005,30243.0,7311.0,3013.0,543.0,12348.63,60225.47,Wesley Simon,EX005
C559,2023-11-08,2023-11-11,YouTube,CH001,Sales,CT002,Fisher Group,CL 023,880 Watson Ramp Suite 059,Reynoldsfurt,GU,10725,brian57@hotmail.com,Jeremy Baker,Female,60+,AU002,UK,LO006,75884.0,1346.0,579.0,747.0,16583.39,40139.67,Melissa Haynes,EX008
C560,2023-09-29,2023-10-24,Email,CH002,Sign Up,CT001,Anderson Inc,CL 034,Unit 0015 Box 7678,DPO AE 55030-2816,,,jgomez@gmail.com,Morgan Gross,Adults,40-60,AU007,UK,LO006,61132.0,7347.0,583.0,771.0,36681.7,0.0,Thomas Ryan,EX003
C561,2023-01-03,2023-01-06,Facebook,CH005,Sales,CT002,Nunez-Bowers,CL 020,6821 Walker Via Suite 228,Lake Jessica,NE,05036-1909,michelle44@yahoo.com,James Woods,Seniors,60+,AU006,Australia,LO007,91198.0,1427.0,2362.0,70.0,41732.19,67380.19,Wesley Simon,EX005
C562,2023-01-03,2023-01-07,YouTube,CH001,Sales,CT002,Vaughan Group,CL 051,PSC 0937,Box 0339,APO AP,AP 98521,baldwinhailey@klein-fitzgerald.com,Ashley Carter,Adults,40-60,AU007,LATAM,LO002,95668.0,4575.0,3630.0,641.0,35713.13,56873.06,Jesus Rivera,EX004
C563,2023-12-23,2024-01-08,Email,CH002,Sales,CT002,"Fox, Carter and Cunningham",CL 033,99919 Michelle Green Apt. 424,West Hannah,KY,63482-6699,bradymcclain@hotmail.com,Andre Manning,Adults,40-60,AU007,USA,LO001,30742.0,3986.0,2245.0,266.0,9993.61,23153.0,Brandon Townsend Jr.,EX002
C564,2023-11-06,2023-12-06,Facebook,CH005,Sales,CT002,Jones LLC,CL 035,89103 Jennings Cape Suite 740,South Dianafort,FL,68504,norrisjames@pearson-burton.biz,Danielle Hernandez,Adults,40-60,AU007,Europe,LO004,1686.0,9974.0,1657.0,504.0,24402.45,26040.52,Aaron Faulkner,EX009
C565,2023-11-29,2023-12-12,TikTok,CH003,Sales,CT002,"Hunt, Woods and Saunders",CL 016,48531 Garcia Walk,Gonzalesville,WY,31844,rramsey@warren.com,April Brewer,Male,40-60,AU003,Canada,LO003,99064.0,6800.0,2348.0,920.0,33158.28,65970.18,Melissa Haynes,EX008
C566,2023-05-04,2023-05-19,TikTok,CH003,Sales,CT002,Anderson Inc,CL 034,Unit 0015 Box 7678,DPO AE 55030-2816,,,jgomez@gmail.com,Morgan Gross,Seniors,60+,AU006,Canada,LO003,67436.0,1912.0,4256.0,518.0,34634.74,34802.56,Thomas Ryan,EX003
C567,2023-05-26,2023-06-03,Facebook,CH005,Sales,CT002,"Salinas, Rodriguez and Bowman",CL 074,04604 Davidson Underpass Apt. 439,Lake Tiffany,DC,35416,gutierrezjames@yahoo.com,Laura Caldwell,Adults,18-40,AU001,Japan,LO005,81307.0,3086.0,4132.0,184.0,43597.88,67023.2,Thomas Ryan,EX003
C568,2023-10-01,2023-10-10,TikTok,CH003,Sign Up,CT001,Ross Group,CL 008,2397 Allison Knolls Suite 213,Jacksonside,WV,58803-3895,kristopher99@romero.org,Lauren Graham,Teens,13-19,AU008,UK,LO006,46473.0,6249.0,1331.0,637.0,8018.37,0.0,Brandon Townsend Jr.,EX002
C569,2023-04-19,2023-05-15,Email,CH002,Sales,CT002,Ross Group,CL 008,2397 Allison Knolls Suite 213,Jacksonside,WV,58803-3895,kristopher99@romero.org,Lauren Graham,Adults,18-40,AU001,Europe,LO004,13392.0,1573.0,523.0,59.0,845.52,31672.37,Brandon Townsend Jr.,EX002
C570,2023-05-19,2023-05-24,Facebook,CH005,Sales,CT002,Phillips-Lewis,CL 057,152 Munoz Spur,Richardbury,NE,64820-6682,ssullivan@yahoo.com,April Williams,Male,40-60,AU003,Japan,LO005,72587.0,9206.0,4522.0,84.0,44424.82,84065.61,Aaron Faulkner,EX009
C571,2023-03-06,2023-03-27,Facebook,CH005,Sign Up,CT001,Mitchell-Rojas,CL 064,Unit 7421 Box 5134,DPO AE 60814,,,johnathan43@hotmail.com,Benjamin Anthony,Female,40-60,AU010,Australia,LO007,90979.0,7824.0,1463.0,300.0,27451.58,0.0,Thomas Ryan,EX003
C572,2023-10-31,2023-11-15,Instagram,CH004,Sales,CT002,Ramirez-Wilson,CL 011,6802 Scott Ways,Jasonbury,NM,94299-7873,robertellis@simpson-gutierrez.com,Christine Nguyen,Adults,40-60,AU007,LATAM,LO002,52251.0,5191.0,2016.0,707.0,7191.6,54257.65,Becky Brown,EX006
C573,2023-01-06,2023-02-02,Instagram,CH004,Sales,CT002,Cooper-Alexander,CL 039,01438 Kristin Fords Apt. 626,Port Paula,WA,20979-6415,gchavez@yang.com,Alexandria Hansen,Male,18-40,AU009,Europe,LO004,10330.0,2556.0,3106.0,585.0,4687.95,56550.69,Thomas Ryan,EX003
C574,2023-06-26,2023-07-25,Facebook,CH005,Sales,CT002,Drake-Vasquez,CL 038,8980 Cox Park,South Robert,NV,66099-6728,tylersheila@hicks.com,Teresa Doyle,Female,60+,AU002,LATAM,LO002,50136.0,8383.0,4725.0,531.0,29927.92,25015.3,Michael Camacho,EX007
C575,2023-02-25,2023-03-15,YouTube,CH001,Sales,CT002,Smith-Bailey,CL 012,055 Rebecca Ramp,Edwardsland,WY,72139-7625,bakerpaul@holland.com,Sharon Reeves,Teens,13-19,AU008,Australia,LO007,56788.0,6094.0,4412.0,423.0,34283.55,34637.66,Michael Camacho,EX007
C576,2023-05-17,2023-06-09,Email,CH002,Sales,CT002,Mcbride-Finley,CL 029,438 Brent Roads Apt. 855,Tylerburgh,NY,69473,mcclainhannah@jensen-gilbert.com,Michael Freeman,Male,40-60,AU003,Canada,LO003,81235.0,1627.0,1022.0,677.0,4974.51,76861.26,Jesus Rivera,EX004
C577,2023-03-30,2023-04-29,YouTube,CH001,Sign Up,CT001,Green-Blake,CL 050,230 Brandon Bypass Apt. 679,New Melissa,TN,37505-3043,karenpayne@yahoo.com,Dustin Ramirez,Male,18-40,AU009,USA,LO001,26289.0,8400.0,3049.0,494.0,12221.77,0.0,Jesus Rivera,EX004
C578,2023-01-23,2023-02-14,Facebook,CH005,Sales,CT002,"Salinas, Rodriguez and Bowman",CL 074,04604 Davidson Underpass Apt. 439,Lake Tiffany,DC,35416,gutierrezjames@yahoo.com,Laura Caldwell,Male,60+,AU005,Canada,LO003,97761.0,8065.0,3956.0,80.0,36828.93,75240.36,Thomas Ryan,EX003
C579,2023-06-05,2023-06-18,Email,CH002,Sales,CT002,Fisher Group,CL 023,880 Watson Ramp Suite 059,Reynoldsfurt,GU,10725,brian57@hotmail.com,Jeremy Baker,Female,18-40,AU004,India,LO008,95533.0,6502.0,4720.0,785.0,7108.9,23153.0,Melissa Haynes,EX008
C580,2023-03-29,2023-04-01,TikTok,CH003,Sales,CT002,Valentine-Dunn,CL 027,723 Julia Burg,Bartonhaven,VT,86914,gharrington@yahoo.com,Nathan May,Male,60+,AU005,USA,LO001,50441.0,2628.0,1881.0,15.0,21221.03,60189.54,Melissa Haynes,EX008
C581,2023-10-08,2023-10-13,TikTok,CH003,Sales,CT002,Patterson and Sons,CL 006,0171 Patricia Street Suite 265,Frankmouth,MS,50700-0717,nataliemartinez@hotmail.com,Christopher Riggs,Adults,18-40,AU001,USA,LO001,80620.0,3779.0,1134.0,403.0,39969.1,70744.61,Jesus Rivera,EX004
C582,2023-01-13,2023-02-02,Instagram,CH004,Sales,CT002,Walter Ltd,CL 017,591 Gallegos Shore,East Jennifer,VT,67675,gravessusan@gonzalez.com,Sarah Warren,Seniors,60+,AU006,Canada,LO003,53075.0,3215.0,2349.0,818.0,35269.91,69430.12,Aaron Faulkner,EX009
C583,2023-01-28,2023-02-26,Email,CH002,Sales,CT002,"Mcclain, Beltran and Patterson",CL 060,2179 Obrien Fort,New Christopher,FL,6005,jeffrey07@rice.com,Bryan Moore,Female,18-40,AU004,UK,LO006,41294.0,1857.0,1625.0,368.0,14742.72,73364.72,Brandon Townsend Jr.,EX002
C584,2023-03-02,2023-03-31,Facebook,CH005,Sign Up,CT001,Edwards LLC,CL 043,123 Amanda Summit,Lake Marietown,IL,81773-5493,tinamckay@sharp-smith.com,Matthew Davis,Female,18-40,AU004,Japan,LO005,81106.0,8002.0,2126.0,499.0,36741.53,0.0,Melissa Haynes,EX008
C585,2023-04-08,2023-04-10,Email,CH002,Sales,CT002,Mitchell-Rojas,CL 064,Unit 7421 Box 5134,DPO AE 60814,,,johnathan43@hotmail.com,Benjamin Anthony,Female,60+,AU002,USA,LO001,27151.0,3612.0,2320.0,163.0,6548.04,46032.73,Thomas Ryan,EX003
C586,2023-12-07,2023-12-15,Email,CH002,Sign Up,CT001,Harmon Inc,CL 075,3532 Carla Spurs Suite 631,East Susanside,VA,63110-6508,steven77@miller.com,Heidi Black,Adults,40-60,AU007,LATAM,LO002,56032.0,7833.0,3327.0,479.0,13186.21,0.0,Kyle Serrano,EX010
C587,2023-01-29,2023-01-30,YouTube,CH001,Sales,CT002,Williams PLC,CL 062,911 Thomas Manors,Longchester,ID,62649-9748,sanchezangela@butler.com,Reginald Lee,Teens,13-19,AU008,Canada,LO003,31424.0,9960.0,507.0,826.0,34523.67,86598.07,Michael Camacho,EX007
C588,2023-03-06,2023-03-30,YouTube,CH001,Sales,CT002,Salinas-Chavez,CL 003,53637 Bonnie Walk Suite 961,South Adrianaport,IA,49560,richard84@hotmail.com,Chelsea Hoffman,Seniors,60+,AU006,Australia,LO007,30628.0,2399.0,4304.0,610.0,28233.93,33313.76,Thomas Ryan,EX003
C589,2023-05-16,2023-06-10,Email,CH002,Sales,CT002,Phillips-Lewis,CL 057,152 Munoz Spur,Richardbury,NE,64820-6682,ssullivan@yahoo.com,April Williams,Female,40-60,AU010,LATAM,LO002,4819.0,8486.0,1701.0,406.0,4949.35,42938.74,Aaron Faulkner,EX009
C590,2023-08-08,2023-08-16,Email,CH002,Sign Up,CT001,Pearson-Shah,CL 077,5117 Suzanne Branch,Barnesmouth,VA,53846,anthony54@perez.com,Shannon Martinez,Teens,13-19,AU008,Japan,LO005,46209.0,7370.0,2603.0,535.0,19804.52,0.0,Jesus Rivera,EX004
C591,2023-04-09,2023-04-23,Facebook,CH005,Sales,CT002,Schneider PLC,CL 014,872 Davila Ville Apt. 985,Millerland,GA,42888,beasleycraig@yahoo.com,Stephen Murphy,Adults,18-40,AU001,USA,LO001,56978.0,9743.0,4008.0,582.0,27837.31,80981.33,Lauren Riggs,EX001
C592,2023-04-13,2023-04-16,Facebook,CH005,Sign Up,CT001,"Bradley, Jackson and Miller",CL 026,190 Bradley Mill Suite 940,Craigbury,MO,18832,hansonpatrick@hunt.com,Dr. David Glass Jr.,Male,18-40,AU009,Europe,LO004,77216.0,7334.0,3801.0,683.0,44205.71,0.0,Melissa Haynes,EX008
C593,2023-05-27,2023-05-28,Instagram,CH004,Sales,CT002,Lopez PLC,CL 001,0806 Watson Drive Suite 662,Port Andrea,DE,42578-2286,zmcintyre@bauer.info,Barbara Walker,Male,60+,AU005,Japan,LO005,81006.0,7789.0,2104.0,526.0,49969.56,52977.46,Lauren Riggs,EX001
C594,2023-01-14,2023-02-07,Facebook,CH005,Sign Up,CT001,Mcbride-Finley,CL 029,438 Brent Roads Apt. 855,Tylerburgh,NY,69473,mcclainhannah@jensen-gilbert.com,Michael Freeman,Male,40-60,AU003,Europe,LO004,61639.0,1042.0,4734.0,691.0,17368.78,0.0,Jesus Rivera,EX004
C595,2023-08-19,2023-09-12,YouTube,CH001,Sales,CT002,Patterson and Sons,CL 006,0171 Patricia Street Suite 265,Frankmouth,MS,50700-0717,nataliemartinez@hotmail.com,Christopher Riggs,Adults,18-40,AU001,India,LO008,77055.0,9489.0,2976.0,879.0,28296.69,23153.0,Jesus Rivera,EX004
C596,2023-08-17,2023-09-01,Facebook,CH005,Sales,CT002,"Mcclain, Beltran and Patterson",CL 060,2179 Obrien Fort,New Christopher,FL,6005,jeffrey07@rice.com,Bryan Moore,Male,18-40,AU009,UK,LO006,71289.0,8286.0,3794.0,324.0,13346.46,56004.7,Brandon Townsend Jr.,EX002
C597,2023-11-30,2023-12-15,TikTok,CH003,Sales,CT002,Lyons PLC,CL 022,20804 Burgess Trace,Petersenburgh,WV,31082,nicholastaylor@yahoo.com,Sharon Crawford,Male,40-60,AU003,Japan,LO005,58142.0,3147.0,2799.0,361.0,47160.07,80816.25,Lauren Riggs,EX001
C598,2023-06-21,2023-07-19,YouTube,CH001,Sign Up,CT001,"Brown, Lawrence and Collins",CL 054,069 Jeffrey Neck,North Jeffreyberg,VI,70669-3291,tracyfields@evans.com,Thomas Fleming,Male,40-60,AU003,LATAM,LO002,93343.0,9094.0,1315.0,978.0,41161.5,0.0,Michael Camacho,EX007
C599,2023-03-15,2023-03-22,YouTube,CH001,Sales,CT002,"Miller, Bryant and Burnett",CL 037,1044 Kennedy Prairie Apt. 186,Jamiemouth,NE,12690-6573,bjohnson@martin-williams.com,Christopher Clark,Female,60+,AU002,Europe,LO004,39328.0,754.0,3491.0,937.0,3515.66,66902.2,Aaron Faulkner,EX009
C600,2023-10-25,2023-11-03,Facebook,CH005,Sales,CT002,Lyons PLC,CL 022,20804 Burgess Trace,Petersenburgh,WV,31082,nicholastaylor@yahoo.com,Sharon Crawford,Adults,18-40,AU001,Europe,LO004,39294.0,8805.0,4909.0,147.0,17523.52,32704.87,Lauren Riggs,EX001
C601,2023-03-31,2023-04-21,Facebook,CH005,Sales,CT002,"Rowe, Morse and Morgan",CL 059,247 Young Spur,North Jacobview,WI,24275,hstafford@yahoo.com,Destiny Atkins,Female,60+,AU002,USA,LO001,50185.0,8439.0,4325.0,773.0,48216.05,52605.39,Becky Brown,EX006
C602,2023-11-04,2023-12-03,YouTube,CH001,Sales,CT002,Roberts-Howe,CL 066,64572 Dawn Forges Suite 455,South Samantha,PA,33248-5599,mckenziebrandon@allen.biz,Robert Mcintosh,Female,40-60,AU010,Canada,LO003,82240.0,9959.0,4492.0,561.0,12926.98,23153.0,Brandon Townsend Jr.,EX002
C603,2023-03-24,2023-03-27,YouTube,CH001,Sign Up,CT001,"Morris, Johnson and Anderson",CL 021,065 John Street,West Adamchester,NV,72944-3914,johnsondonald@meyer.com,Sandy Mathis,Male,40-60,AU003,USA,LO001,21748.0,5414.0,850.0,843.0,7781.97,0.0,Kyle Serrano,EX010
C604,2023-11-03,2023-11-25,Instagram,CH004,Sales,CT002,Bernard and Sons,CL 044,8622 Ricky Knoll,New Jenniferville,GA,79764-9207,johnsonrobert@white.com,Julia Moore,Teens,13-19,AU008,UK,LO006,38822.0,3264.0,1743.0,48.0,2226.49,33783.88,Thomas Ryan,EX003
C605,2023-02-06,2023-02-12,YouTube,CH001,Sign Up,CT001,Harmon Inc,CL 075,3532 Carla Spurs Suite 631,East Susanside,VA,63110-6508,steven77@miller.com,Heidi Black,Female,40-60,AU010,UK,LO006,27347.0,4777.0,4000.0,673.0,36677.99,0.0,Kyle Serrano,EX010
C606,2023-03-25,2023-04-03,Email,CH002,Sign Up,CT001,"Reed, Galloway and Buck",CL 010,49317 Vincent Vista Suite 462,Port Nathan,CA,23364-0905,larrygraham@lucas.com,Andrea Simmons,Seniors,60+,AU006,Australia,LO007,43823.0,3723.0,4028.0,358.0,927.32,0.0,Wesley Simon,EX005
C607,2023-01-01,2023-01-27,Email,CH002,Sales,CT002,Williams PLC,CL 062,911 Thomas Manors,Longchester,ID,62649-9748,sanchezangela@butler.com,Reginald Lee,Male,40-60,AU003,UK,LO006,12063.0,6291.0,114.0,775.0,24668.77,55831.7,Michael Camacho,EX007
C608,2023-06-19,2023-07-07,TikTok,CH003,Sales,CT002,"Brown, Lawrence and Collins",CL 054,069 Jeffrey Neck,North Jeffreyberg,VI,70669-3291,tracyfields@evans.com,Thomas Fleming,Adults,18-40,AU001,India,LO008,31421.0,9103.0,2516.0,905.0,12346.59,42235.74,Michael Camacho,EX007
C609,2023-04-10,2023-04-28,YouTube,CH001,Sales,CT002,"Ramos, Gomez and Garcia",CL 056,PSC 8675,Box 2798,APO AA,AA 82949-7770,huntdavid@orr.info,Eric Harrison,Male,60+,AU005,Europe,LO004,94679.0,9145.0,4968.0,495.0,47978.14,60141.59,Kyle Serrano,EX010
C610,2023-08-16,2023-09-14,Facebook,CH005,Sales,CT002,"Weaver, Garner and Ramos",CL 002,2933 Ortiz Overpass Suite 099,South Douglasburgh,KY,52632-7557,oscott@gmail.com,Melinda Johnston,Female,60+,AU002,LATAM,LO002,32551.0,3324.0,1619.0,513.0,15727.0,46064.84,Brandon Townsend Jr.,EX002
C611,2023-06-14,2023-06-20,Instagram,CH004,Sales,CT002,"Jones, Miranda and Martin",CL 055,45011 Marc Roads Apt. 548,Johnsonbury,NJ,40892,kristenhoward@yahoo.com,Christine Barnes,Teens,13-19,AU008,Japan,LO005,3329.0,6403.0,2525.0,51.0,38360.16,53240.63,Thomas Ryan,EX003
C612,2023-09-23,2023-10-06,TikTok,CH003,Sales,CT002,Benjamin and Sons,CL 068,861 Knox Cape Apt. 731,Lake John,CA,62474,lrice@yahoo.com,Derek Juarez,Female,18-40,AU004,USA,LO001,96838.0,4744.0,1899.0,937.0,36560.75,25288.21,Thomas Ryan,EX003
C613,2023-08-16,2023-09-03,Email,CH002,Sales,CT002,Anderson Inc,CL 034,Unit 0015 Box 7678,DPO AE 55030-2816,,,jgomez@gmail.com,Morgan Gross,Teens,13-19,AU008,Japan,LO005,28751.0,8114.0,2055.0,272.0,3614.79,78337.68,Thomas Ryan,EX003
C614,2023-12-25,2024-01-15,Email,CH002,Sales,CT002,Mitchell-Rojas,CL 064,Unit 7421 Box 5134,DPO AE 60814,,,johnathan43@hotmail.com,Benjamin Anthony,Teens,13-19,AU008,Canada,LO003,88208.0,8118.0,1367.0,426.0,3370.86,77501.46,Thomas Ryan,EX003
C615,2023-12-30,2024-01-21,TikTok,CH003,Sales,CT002,Thomas-Proctor,CL 031,820 Butler Streets Suite 875,North Denisehaven,WV,66736-0964,brownmario@leonard.com,Angela Moore,Seniors,60+,AU006,Canada,LO003,90420.0,4085.0,1467.0,179.0,26827.55,54532.73,Wesley Simon,EX005
C616,2023-12-03,2023-12-05,YouTube,CH001,Sales,CT002,"Bush, Mendez and Smith",CL 028,791 Darryl Squares Suite 934,Holdenport,OH,41129-2197,churchtimothy@yahoo.com,Patrick Williams,Seniors,60+,AU006,India,LO008,96919.0,8851.0,2393.0,132.0,517.95,71979.81,Brandon Townsend Jr.,EX002
C617,2023-04-29,2023-05-17,TikTok,CH003,Sales,CT002,Melton-Smith,CL 045,03793 Jacobs Branch,West Max,MA,54633-3659,mercertimothy@huff.com,Patrick Abbott,Female,40-60,AU010,Australia,LO007,19927.0,2141.0,2105.0,138.0,12993.08,42140.12,Lauren Riggs,EX001
C618,2023-09-18,2023-10-12,YouTube,CH001,Sign Up,CT001,Anderson Inc,CL 034,Unit 0015 Box 7678,DPO AE 55030-2816,,,jgomez@gmail.com,Morgan Gross,Adults,40-60,AU007,India,LO008,31336.0,2169.0,415.0,565.0,49714.46,0.0,Thomas Ryan,EX003
C619,2023-12-06,2023-12-22,TikTok,CH003,Sales,CT002,Valentine-Dunn,CL 027,723 Julia Burg,Bartonhaven,VT,86914,gharrington@yahoo.com,Nathan May,Female,40-60,AU010,Japan,LO005,29676.0,8319.0,2094.0,339.0,21268.01,23153.0,Melissa Haynes,EX008
C620,2023-07-06,2023-07-16,TikTok,CH003,Sales,CT002,Benjamin and Sons,CL 068,861 Knox Cape Apt. 731,Lake John,CA,62474,lrice@yahoo.com,Derek Juarez,Teens,13-19,AU008,Australia,LO007,45814.0,6939.0,4604.0,411.0,17597.65,54968.37,Thomas Ryan,EX003
C621,2023-01-06,2023-01-28,Facebook,CH005,Sign Up,CT001,White Ltd,CL 005,172 Angela Crescent Apt. 306,North Laura,HI,69094-7497,jeremy56@gmail.com,Nathan Weber,Adults,40-60,AU007,Japan,LO005,96289.0,4174.0,3250.0,308.0,21660.63,0.0,Jesus Rivera,EX004
C622,2023-04-06,2023-04-27,TikTok,CH003,Sign Up,CT001,Bernard and Sons,CL 044,8622 Ricky Knoll,New Jenniferville,GA,79764-9207,johnsonrobert@white.com,Julia Moore,Female,60+,AU002,LATAM,LO002,21086.0,5859.0,4420.0,147.0,38986.14,0.0,Thomas Ryan,EX003
C623,2023-06-06,2023-06-10,Email,CH002,Sales,CT002,"Holmes, Johnson and Rodriguez",CL 025,USCGC Erickson,FPO AE 00735-4383,,,polsen@alexander-smith.net,Anne Foley,Male,40-60,AU003,Europe,LO004,85788.0,9818.0,3666.0,256.0,15079.99,24127.99,Wesley Simon,EX005
C624,2023-02-04,2023-02-23,TikTok,CH003,Sales,CT002,Herrera-Cook,CL 040,0613 David Haven Apt. 354,North Samantha,MI,10699-1384,ijordan@gmail.com,Madison York,Adults,18-40,AU001,LATAM,LO002,32536.0,8325.0,2350.0,170.0,26129.92,68167.35,Wesley Simon,EX005
C625,2023-10-27,2023-11-19,Facebook,CH005,Sales,CT002,Roberts-Brown,CL 019,725 Peter Lights Apt. 639,South Janet,WV,83873-6339,nguyendustin@gmail.com,Samantha Hudson,Female,40-60,AU010,LATAM,LO002,54990.0,5375.0,3297.0,507.0,9842.03,58356.54,Thomas Ryan,EX003
C626,2023-04-16,2023-05-11,Instagram,CH004,Sign Up,CT001,Lopez PLC,CL 001,0806 Watson Drive Suite 662,Port Andrea,DE,42578-2286,zmcintyre@bauer.info,Barbara Walker,Female,60+,AU002,Europe,LO004,6791.0,8773.0,4452.0,532.0,8939.8,0.0,Lauren Riggs,EX001
C627,2023-12-16,2024-01-01,YouTube,CH001,Sales,CT002,Valentine-Dunn,CL 027,723 Julia Burg,Bartonhaven,VT,86914,gharrington@yahoo.com,Nathan May,Adults,18-40,AU001,Australia,LO007,70515.0,2375.0,720.0,587.0,21068.57,38976.7,Melissa Haynes,EX008
C628,2023-04-07,2023-04-24,Facebook,CH005,Sign Up,CT001,"Cohen, Williams and Hess",CL 061,93243 Lee Loop Apt. 832,North Jonathanland,MP,43605-6685,shawn39@gmail.com,Mr. Nicholas Ramirez,Adults,40-60,AU007,India,LO008,53137.0,4436.0,1066.0,972.0,45142.03,0.0,Jesus Rivera,EX004
C629,2023-02-15,2023-02-16,Email,CH002,Sales,CT002,Green-Blake,CL 050,230 Brandon Bypass Apt. 679,New Melissa,TN,37505-3043,karenpayne@yahoo.com,Dustin Ramirez,Adults,18-40,AU001,LATAM,LO002,37733.0,4583.0,2916.0,599.0,44523.56,57764.15,Jesus Rivera,EX004
C630,2023-09-08,2023-09-27,Instagram,CH004,Sign Up,CT001,Lewis-Martinez,CL 067,37059 Bates Prairie Suite 432,Port Robertmouth,MN,28374,joshua06@king.com,Angela Anderson,Male,60+,AU005,Australia,LO007,40415.0,174.0,2989.0,559.0,21514.68,0.0,Aaron Faulkner,EX009
C631,2023-08-05,2023-08-24,YouTube,CH001,Sales,CT002,"Ruiz, Cox and Meyer",CL 071,5058 Frank Locks,Blackmouth,MI,7896,vjohnson@yahoo.com,Anne Davis,Female,40-60,AU010,India,LO008,46814.0,9850.0,4493.0,261.0,46680.99,66879.14,Aaron Faulkner,EX009
C632,2023-01-16,2023-01-18,Facebook,CH005,Sign Up,CT001,Nunez-Bowers,CL 020,6821 Walker Via Suite 228,Lake Jessica,NE,05036-1909,michelle44@yahoo.com,James Woods,Female,40-60,AU010,Canada,LO003,87720.0,5741.0,3013.0,997.0,17332.98,0.0,Wesley Simon,EX005
C633,2023-09-17,2023-10-17,YouTube,CH001,Sales,CT002,Lewis PLC,CL 013,621 Woodard Manors Apt. 208,Port Amy,ME,05157-2612,beth20@gmail.com,Diana Love,Female,60+,AU002,LATAM,LO002,43388.0,5971.0,4972.0,922.0,26723.59,42311.62,Thomas Ryan,EX003
C634,2023-02-28,2023-03-19,Instagram,CH004,Sales,CT002,Edwards-Hoover,CL 069,86879 Carol Cove,North Evanton,MT,25565,bryantmichelle@rocha.com,Erika Owens,Male,40-60,AU003,India,LO008,35350.0,987.0,3094.0,263.0,26290.02,50410.28,Melissa Haynes,EX008
C635,2023-11-18,2023-11-19,Email,CH002,Sales,CT002,"Hunt, Woods and Saunders",CL 016,48531 Garcia Walk,Gonzalesville,WY,31844,rramsey@warren.com,April Brewer,Male,18-40,AU009,LATAM,LO002,10702.0,8194.0,1806.0,637.0,736.34,54045.2,Melissa Haynes,EX008
C636,2023-11-21,2023-12-02,Email,CH002,Sales,CT002,Herrera-Cook,CL 040,0613 David Haven Apt. 354,North Samantha,MI,10699-1384,ijordan@gmail.com,Madison York,Male,60+,AU005,LATAM,LO002,85021.0,1892.0,244.0,274.0,2179.38,33250.86,Wesley Simon,EX005
C637,2023-12-21,2023-12-29,Instagram,CH004,Sales,CT002,Hughes-Sullivan,CL 076,5874 Guerra Courts Suite 368,South Codyhaven,OR,93465,williamsnathaniel@yahoo.com,Roy Obrien,Male,60+,AU005,Europe,LO004,10357.0,833.0,4831.0,384.0,3354.24,62753.04,Brandon Townsend Jr.,EX002
C638,2023-06-29,2023-07-28,TikTok,CH003,Sales,CT002,Wall-Cruz,CL 073,7470 Harris Roads Suite 137,Brookefort,MP,32507,davidponce@turner-copeland.com,Robert Cruz,Adults,18-40,AU001,UK,LO006,61910.0,2956.0,1782.0,826.0,33346.78,57876.79,Becky Brown,EX006
C639,2023-12-20,2023-12-24,YouTube,CH001,Sign Up,CT001,White Ltd,CL 005,172 Angela Crescent Apt. 306,North Laura,HI,69094-7497,jeremy56@gmail.com,Nathan Weber,Female,18-40,AU004,LATAM,LO002,18260.0,5771.0,2123.0,325.0,17250.46,0.0,Jesus Rivera,EX004
C640,2023-06-06,2023-06-16,Facebook,CH005,Sales,CT002,Wade PLC,CL 041,3571 Harvey Centers,Ronaldfurt,NY,35589-6805,nhall@hotmail.com,Lacey Crane,Adults,40-60,AU007,UK,LO006,57762.0,4512.0,3380.0,544.0,28865.81,65893.47,Lauren Riggs,EX001
C641,2023-12-16,2024-01-10,Instagram,CH004,Sales,CT002,Green-Blake,CL 050,230 Brandon Bypass Apt. 679,New Melissa,TN,37505-3043,karenpayne@yahoo.com,Dustin Ramirez,Female,40-60,AU010,USA,LO001,98810.0,7971.0,2522.0,717.0,36146.76,52167.87,Jesus Rivera,EX004
C642,2023-04-22,2023-05-15,TikTok,CH003,Sign Up,CT001,Patterson and Sons,CL 006,0171 Patricia Street Suite 265,Frankmouth,MS,50700-0717,nataliemartinez@hotmail.com,Christopher Riggs,Female,40-60,AU010,Canada,LO003,83053.0,1818.0,1126.0,635.0,45589.36,0.0,Jesus Rivera,EX004
C643,2023-10-29,2023-11-17,TikTok,CH003,Sales,CT002,"Rowe, Morse and Morgan",CL 059,247 Young Spur,North Jacobview,WI,24275,hstafford@yahoo.com,Destiny Atkins,Female,18-40,AU004,LATAM,LO002,13187.0,5680.0,1484.0,949.0,11965.6,64484.8,Becky Brown,EX006
C644,2023-01-05,2023-01-24,TikTok,CH003,Sales,CT002,Mitchell-Rojas,CL 064,Unit 7421 Box 5134,DPO AE 60814,,,johnathan43@hotmail.com,Benjamin Anthony,Seniors,60+,AU006,USA,LO001,24125.0,798.0,3203.0,486.0,30028.55,50127.8,Thomas Ryan,EX003
C645,2023-12-26,2024-01-07,Facebook,CH005,Sales,CT002,Cunningham-Little,CL 042,Unit 5043 Box 8770,DPO AP 84852,,,christopher51@watson.net,Stephanie Fernandez,Seniors,60+,AU006,Japan,LO005,43740.0,8649.0,3310.0,182.0,34158.77,31414.29,Becky Brown,EX006
C646,2023-09-22,2023-09-28,Instagram,CH004,Sign Up,CT001,Lyons PLC,CL 022,20804 Burgess Trace,Petersenburgh,WV,31082,nicholastaylor@yahoo.com,Sharon Crawford,Male,40-60,AU003,LATAM,LO002,96183.0,6812.0,2733.0,45.0,28940.87,0.0,Lauren Riggs,EX001
C647,2023-11-28,2023-12-08,TikTok,CH003,Sales,CT002,Vaughan Group,CL 051,PSC 0937,Box 0339,APO AP,AP 98521,baldwinhailey@klein-fitzgerald.com,Ashley Carter,Male,60+,AU005,Australia,LO007,12483.0,4516.0,675.0,420.0,48470.53,47277.37,Jesus Rivera,EX004
C648,2023-02-09,2023-02-22,Facebook,CH005,Sales,CT002,"Jones, Miranda and Martin",CL 055,45011 Marc Roads Apt. 548,Johnsonbury,NJ,40892,kristenhoward@yahoo.com,Christine Barnes,Male,40-60,AU003,USA,LO001,62914.0,6306.0,1876.0,478.0,48191.6,35403.42,Thomas Ryan,EX003
C649,2023-08-29,2023-09-13,Facebook,CH005,Sales,CT002,Pearson-Shah,CL 077,5117 Suzanne Branch,Barnesmouth,VA,53846,anthony54@perez.com,Shannon Martinez,Female,18-40,AU004,India,LO008,93149.0,549.0,75.0,97.0,27802.11,69691.75,Jesus Rivera,EX004
C650,2023-01-18,2023-02-11,Email,CH002,Sign Up,CT001,"Green, Lloyd and Ball",CL 047,30284 Villarreal Passage Apt. 698,Brownshire,NV,89609-0041,wrightlucas@yahoo.com,Shelly Stafford,Male,18-40,AU009,Europe,LO004,29087.0,6163.0,3030.0,989.0,44274.46,0.0,Jesus Rivera,EX004
C651,2023-12-24,2024-01-19,Facebook,CH005,Sales,CT002,Cooper-Alexander,CL 039,01438 Kristin Fords Apt. 626,Port Paula,WA,20979-6415,gchavez@yang.com,Alexandria Hansen,Male,18-40,AU009,Canada,LO003,63529.0,6584.0,4415.0,432.0,8746.55,33707.8,Thomas Ryan,EX003
C652,2023-03-25,2023-04-10,YouTube,CH001,Sign Up,CT001,Griffin Inc,CL 065,Unit 3822 Box 8338,DPO AE 21031-0227,,,dixonamber@hotmail.com,Theodore Murphy,Male,40-60,AU003,Canada,LO003,29842.0,3462.0,936.0,157.0,24124.96,0.0,Brandon Townsend Jr.,EX002
C653,2023-10-19,2023-11-11,YouTube,CH001,Sales,CT002,Bernard and Sons,CL 044,8622 Ricky Knoll,New Jenniferville,GA,79764-9207,johnsonrobert@white.com,Julia Moore,Male,60+,AU005,LATAM,LO002,80930.0,3130.0,548.0,95.0,36802.19,71860.76,Thomas Ryan,EX003
C654,2023-09-14,2023-09-17,Instagram,CH004,Sales,CT002,Gray Ltd,CL 024,Unit 4555 Box 7398,DPO AE 23911-7290,,,owenmelinda@yahoo.com,Mark Long,Female,18-40,AU004,Canada,LO003,65666.0,9005.0,2368.0,875.0,20625.33,38720.83,Jesus Rivera,EX004
C655,2023-12-28,2024-01-25,TikTok,CH003,Sales,CT002,Williams PLC,CL 062,911 Thomas Manors,Longchester,ID,62649-9748,sanchezangela@butler.com,Reginald Lee,Male,40-60,AU003,USA,LO001,19784.0,5009.0,652.0,46.0,30827.52,48248.81,Michael Camacho,EX007
C656,2023-07-10,2023-08-08,TikTok,CH003,Sales,CT002,Hernandez Inc,CL 052,9452 Amber Mills,Lopezville,NV,94038-0838,uhansen@livingston.com,Traci Holden,Male,40-60,AU003,Canada,LO003,9560.0,7527.0,2396.0,273.0,37549.39,41628.16,Melissa Haynes,EX008
C657,2023-06-29,2023-07-02,TikTok,CH003,Sales,CT002,"Cohen, Williams and Hess",CL 061,93243 Lee Loop Apt. 832,North Jonathanland,MP,43605-6685,shawn39@gmail.com,Mr. Nicholas Ramirez,Adults,18-40,AU001,Australia,LO007,85600.0,5100.0,2611.0,758.0,37262.0,76222.27,Jesus Rivera,EX004
C658,2023-06-04,2023-06-17,TikTok,CH003,Sign Up,CT001,"Miller, Bryant and Burnett",CL 037,1044 Kennedy Prairie Apt. 186,Jamiemouth,NE,12690-6573,bjohnson@martin-williams.com,Christopher Clark,Female,40-60,AU010,Japan,LO005,48301.0,6077.0,3703.0,696.0,6694.27,0.0,Aaron Faulkner,EX009
C659,2023-05-23,2023-06-08,YouTube,CH001,Sales,CT002,"Russell, Wilson and Rogers",CL 004,27907 Deborah Hill Suite 235,Abigailbury,CO,58408,michael78@yahoo.com,Michael Howard,Female,60+,AU002,Canada,LO003,82818.0,9226.0,2215.0,976.0,46088.48,23153.0,Thomas Ryan,EX003
C660,2023-07-18,2023-08-13,TikTok,CH003,Sales,CT002,Williams PLC,CL 062,911 Thomas Manors,Longchester,ID,62649-9748,sanchezangela@butler.com,Reginald Lee,Teens,13-19,AU008,Europe,LO004,46503.0,2717.0,2183.0,355.0,21350.34,71337.85,Michael Camacho,EX007
C661,2023-06-20,2023-07-14,Facebook,CH005,Sales,CT002,Jimenez and Sons,CL 048,8451 Walter Fords Apt. 737,South Danielchester,CT,12719-1372,amartinez@oconnell.com,Justin Cole,Teens,13-19,AU008,UK,LO006,32120.0,8900.0,1391.0,240.0,33612.67,35246.93,Jesus Rivera,EX004
C662,2023-02-22,2023-03-07,TikTok,CH003,Sign Up,CT001,"Ramos, Gomez and Garcia",CL 056,PSC 8675,Box 2798,APO AA,AA 82949-7770,huntdavid@orr.info,Eric Harrison,Female,60+,AU002,UK,LO006,92880.0,4108.0,3510.0,696.0,21698.49,0.0,Kyle Serrano,EX010
C663,2023-07-20,2023-07-23,TikTok,CH003,Sign Up,CT001,Wall-Cruz,CL 073,7470 Harris Roads Suite 137,Brookefort,MP,32507,davidponce@turner-copeland.com,Robert Cruz,Male,60+,AU005,LATAM,LO002,43978.0,8719.0,2924.0,261.0,35822.02,0.0,Becky Brown,EX006
C664,2023-05-04,2023-05-16,Instagram,CH004,Sales,CT002,Jones LLC,CL 035,89103 Jennings Cape Suite 740,South Dianafort,FL,68504,norrisjames@pearson-burton.biz,Danielle Hernandez,Male,60+,AU005,LATAM,LO002,27282.0,2204.0,3822.0,893.0,11187.59,25213.88,Aaron Faulkner,EX009
C665,2023-06-08,2023-06-09,YouTube,CH001,Sales,CT002,"Bradley, Jackson and Miller",CL 026,190 Bradley Mill Suite 940,Craigbury,MO,18832,hansonpatrick@hunt.com,Dr. David Glass Jr.,Seniors,60+,AU006,Australia,LO007,97444.0,8058.0,4032.0,946.0,40937.4,57865.78,Melissa Haynes,EX008
C666,2023-03-15,2023-03-23,Facebook,CH005,Sales,CT002,Anderson Inc,CL 034,Unit 0015 Box 7678,DPO AE 55030-2816,,,jgomez@gmail.com,Morgan Gross,Female,60+,AU002,Japan,LO005,22887.0,3133.0,4629.0,491.0,22627.36,54589.22,Thomas Ryan,EX003
C667,2023-04-28,2023-05-15,Facebook,CH005,Sales,CT002,Edwards-Hoover,CL 069,86879 Carol Cove,North Evanton,MT,25565,bryantmichelle@rocha.com,Erika Owens,Female,40-60,AU010,Europe,LO004,22813.0,5618.0,1524.0,681.0,1043.27,69806.09,Melissa Haynes,EX008
C668,2023-08-09,2023-08-23,TikTok,CH003,Sales,CT002,"Hunt, Woods and Saunders",CL 016,48531 Garcia Walk,Gonzalesville,WY,31844,rramsey@warren.com,April Brewer,Teens,13-19,AU008,Europe,LO004,79387.0,906.0,2415.0,931.0,21966.76,77732.0,Melissa Haynes,EX008
C669,2023-10-30,2023-11-10,TikTok,CH003,Sales,CT002,Gray Ltd,CL 024,Unit 4555 Box 7398,DPO AE 23911-7290,,,owenmelinda@yahoo.com,Mark Long,Female,60+,AU002,Canada,LO003,17352.0,5107.0,4144.0,561.0,17594.54,59865.4,Jesus Rivera,EX004
C670,2023-11-27,2023-12-02,Facebook,CH005,Sales,CT002,"Rowe, Morse and Morgan",CL 059,247 Young Spur,North Jacobview,WI,24275,hstafford@yahoo.com,Destiny Atkins,Female,60+,AU002,Canada,LO003,31959.0,8761.0,270.0,454.0,21133.66,64768.83,Becky Brown,EX006
C671,2023-12-31,2024-01-23,Email,CH002,Sign Up,CT001,Ramirez-Wilson,CL 011,6802 Scott Ways,Jasonbury,NM,94299-7873,robertellis@simpson-gutierrez.com,Christine Nguyen,Female,60+,AU002,Australia,LO007,5860.0,4407.0,285.0,929.0,36379.88,0.0,Becky Brown,EX006
C672,2023-02-18,2023-03-10,YouTube,CH001,Sales,CT002,Reyes-Rios,CL 030,49937 Christopher Unions,Gutierrezmouth,MI,13751-5785,cunninghamjerry@gmail.com,Eric Davis,Male,18-40,AU009,USA,LO001,54158.0,2403.0,3501.0,596.0,23379.85,66273.16,Wesley Simon,EX005
C673,2023-02-09,2023-02-25,YouTube,CH001,Sales,CT002,"Green, Lloyd and Ball",CL 047,30284 Villarreal Passage Apt. 698,Brownshire,NV,89609-0041,wrightlucas@yahoo.com,Shelly Stafford,Male,60+,AU005,LATAM,LO002,98591.0,335.0,4302.0,833.0,8645.81,70878.17,Jesus Rivera,EX004
C674,2023-06-16,2023-06-21,TikTok,CH003,Sales,CT002,Melton-Smith,CL 045,03793 Jacobs Branch,West Max,MA,54633-3659,mercertimothy@huff.com,Patrick Abbott,Male,18-40,AU009,LATAM,LO002,13545.0,8184.0,303.0,592.0,3228.29,66804.46,Lauren Riggs,EX001
C675,2023-09-18,2023-10-03,Instagram,CH004,Sales,CT002,Harmon Inc,CL 075,3532 Carla Spurs Suite 631,East Susanside,VA,63110-6508,steven77@miller.com,Heidi Black,Female,18-40,AU004,Australia,LO007,39581.0,3513.0,2392.0,778.0,44557.62,41673.49,Kyle Serrano,EX010
C676,2023-05-13,2023-05-18,Instagram,CH004,Sales,CT002,"James, Phelps and Burgess",CL 032,026 Good Ports Apt. 881,Port Adam,KY,82799-9255,edurham@hotmail.com,Vanessa Miranda,Adults,40-60,AU007,USA,LO001,36688.0,6371.0,517.0,747.0,33884.84,42867.39,Lauren Riggs,EX001
C677,2023-10-12,2023-10-29,TikTok,CH003,Sales,CT002,"Ramos, Gomez and Garcia",CL 056,PSC 8675,Box 2798,APO AA,AA 82949-7770,huntdavid@orr.info,Eric Harrison,Female,60+,AU002,LATAM,LO002,37871.0,1248.0,2986.0,883.0,24480.24,59397.68,Kyle Serrano,EX010
C678,2023-08-16,2023-08-25,Instagram,CH004,Sign Up,CT001,"Holmes, Johnson and Rodriguez",CL 025,USCGC Erickson,FPO AE 00735-4383,,,polsen@alexander-smith.net,Anne Foley,Female,40-60,AU010,India,LO008,1027.0,924.0,2169.0,277.0,48213.43,0.0,Wesley Simon,EX005
C679,2023-09-10,2023-09-15,Email,CH002,Sign Up,CT001,White Ltd,CL 005,172 Angela Crescent Apt. 306,North Laura,HI,69094-7497,jeremy56@gmail.com,Nathan Weber,Seniors,60+,AU006,Europe,LO004,67368.0,9089.0,1802.0,550.0,46734.94,0.0,Jesus Rivera,EX004
C680,2023-09-17,2023-10-03,Email,CH002,Sales,CT002,Daniels Group,CL 049,567 Jill Motorway,Sarabury,GU,20455-6244,michael10@gmail.com,Annette Rice,Male,18-40,AU009,India,LO008,88160.0,3062.0,2665.0,970.0,15120.69,31693.55,Wesley Simon,EX005
C681,2023-09-11,2023-09-20,Email,CH002,Sign Up,CT001,Wall-Cruz,CL 073,7470 Harris Roads Suite 137,Brookefort,MP,32507,davidponce@turner-copeland.com,Robert Cruz,Male,60+,AU005,Australia,LO007,88378.0,4959.0,3820.0,801.0,34787.09,0.0,Becky Brown,EX006
C682,2023-06-10,2023-06-15,Facebook,CH005,Sign Up,CT001,Smith-Bailey,CL 012,055 Rebecca Ramp,Edwardsland,WY,72139-7625,bakerpaul@holland.com,Sharon Reeves,Male,40-60,AU003,India,LO008,45727.0,867.0,3425.0,635.0,42646.04,0.0,Michael Camacho,EX007
C683,2023-03-24,2023-04-23,Facebook,CH005,Sales,CT002,Smith-Bailey,CL 012,055 Rebecca Ramp,Edwardsland,WY,72139-7625,bakerpaul@holland.com,Sharon Reeves,Male,60+,AU005,Europe,LO004,6131.0,3358.0,3822.0,290.0,37392.24,74455.26,Michael Camacho,EX007
C684,2023-09-30,2023-10-16,Email,CH002,Sales,CT002,"Reed, Galloway and Buck",CL 010,49317 Vincent Vista Suite 462,Port Nathan,CA,23364-0905,larrygraham@lucas.com,Andrea Simmons,Male,18-40,AU009,Canada,LO003,59073.0,5496.0,681.0,917.0,12899.83,58659.73,Wesley Simon,EX005
C685,2023-05-01,2023-05-05,Email,CH002,Sign Up,CT001,"Jones, Miranda and Martin",CL 055,45011 Marc Roads Apt. 548,Johnsonbury,NJ,40892,kristenhoward@yahoo.com,Christine Barnes,Male,60+,AU005,Australia,LO007,57197.0,4471.0,2509.0,397.0,46755.67,0.0,Thomas Ryan,EX003
C686,2023-02-28,2023-03-04,TikTok,CH003,Sales,CT002,Fisher-Johnston,CL 063,36491 Jennifer Park Suite 248,East David,PA,71082-4715,rellis@lindsey.com,Timothy Hernandez,Male,60+,AU005,LATAM,LO002,55443.0,5923.0,3587.0,74.0,38323.95,68445.79,Jesus Rivera,EX004
C687,2023-06-08,2023-07-03,TikTok,CH003,Sales,CT002,Fisher Group,CL 023,880 Watson Ramp Suite 059,Reynoldsfurt,GU,10725,brian57@hotmail.com,Jeremy Baker,Male,18-40,AU009,Australia,LO007,5370.0,2415.0,1272.0,683.0,23525.54,51416.98,Melissa Haynes,EX008
C688,2023-04-08,2023-04-28,Facebook,CH005,Sales,CT002,White Ltd,CL 005,172 Angela Crescent Apt. 306,North Laura,HI,69094-7497,jeremy56@gmail.com,Nathan Weber,Female,60+,AU002,India,LO008,67547.0,2272.0,4066.0,491.0,28036.94,41440.35,Jesus Rivera,EX004
C689,2023-04-02,2023-04-05,Facebook,CH005,Sales,CT002,Wade PLC,CL 041,3571 Harvey Centers,Ronaldfurt,NY,35589-6805,nhall@hotmail.com,Lacey Crane,Female,40-60,AU010,Europe,LO004,32636.0,293.0,3579.0,780.0,2301.25,79688.25,Lauren Riggs,EX001
C690,2023-05-10,2023-05-26,Facebook,CH005,Sales,CT002,Patterson and Sons,CL 006,0171 Patricia Street Suite 265,Frankmouth,MS,50700-0717,nataliemartinez@hotmail.com,Christopher Riggs,Adults,40-60,AU007,UK,LO006,15155.0,9253.0,2014.0,666.0,44462.97,83617.7,Jesus Rivera,EX004
C691,2023-12-01,2023-12-25,Email,CH002,Sales,CT002,"Brown, Lawrence and Collins",CL 054,069 Jeffrey Neck,North Jeffreyberg,VI,70669-3291,tracyfields@evans.com,Thomas Fleming,Seniors,60+,AU006,Canada,LO003,66841.0,2688.0,4180.0,37.0,34733.96,68317.12,Michael Camacho,EX007
C692,2023-09-26,2023-10-19,YouTube,CH001,Sales,CT002,Salinas-Chavez,CL 003,53637 Bonnie Walk Suite 961,South Adrianaport,IA,49560,richard84@hotmail.com,Chelsea Hoffman,Female,40-60,AU010,Japan,LO005,9970.0,775.0,4168.0,199.0,28047.54,44521.9,Thomas Ryan,EX003
C693,2023-01-16,2023-01-21,Instagram,CH004,Sales,CT002,"Noble, Mcneil and Cooper",CL 009,36911 Gay Streets Suite 795,Brentmouth,LA,62951-4782,sarahparks@yahoo.com,Mark Garcia,Adults,18-40,AU001,India,LO008,62690.0,1075.0,1330.0,251.0,7731.85,60163.25,Wesley Simon,EX005
C694,2023-04-17,2023-04-27,TikTok,CH003,Sales,CT002,Daniels Group,CL 049,567 Jill Motorway,Sarabury,GU,20455-6244,michael10@gmail.com,Annette Rice,Female,18-40,AU004,Europe,LO004,12434.0,3879.0,1982.0,497.0,14737.8,29050.23,Wesley Simon,EX005
C695,2023-07-04,2023-07-09,Instagram,CH004,Sign Up,CT001,Patterson and Sons,CL 006,0171 Patricia Street Suite 265,Frankmouth,MS,50700-0717,nataliemartinez@hotmail.com,Christopher Riggs,Female,40-60,AU010,LATAM,LO002,46967.0,1120.0,4644.0,38.0,34562.23,0.0,Jesus Rivera,EX004
C696,2023-02-01,2023-02-13,Email,CH002,Sales,CT002,Jimenez and Sons,CL 048,8451 Walter Fords Apt. 737,South Danielchester,CT,12719-1372,amartinez@oconnell.com,Justin Cole,Male,18-40,AU009,Canada,LO003,32817.0,9250.0,782.0,318.0,2432.28,36354.3,Jesus Rivera,EX004
C697,2023-01-02,2023-01-05,YouTube,CH001,Sign Up,CT001,Lewis-Martinez,CL 067,37059 Bates Prairie Suite 432,Port Robertmouth,MN,28374,joshua06@king.com,Angela Anderson,Male,40-60,AU003,Europe,LO004,19728.0,1441.0,4098.0,27.0,14204.37,0.0,Aaron Faulkner,EX009
C698,2023-08-22,2023-09-10,Email,CH002,Sales,CT002,Mitchell-Rojas,CL 064,Unit 7421 Box 5134,DPO AE 60814,,,johnathan43@hotmail.com,Benjamin Anthony,Seniors,60+,AU006,Canada,LO003,74610.0,1409.0,564.0,259.0,34198.43,46653.52,Thomas Ryan,EX003
C699,2023-04-24,2023-05-05,Facebook,CH005,Sales,CT002,"Noble, Mcneil and Cooper",CL 009,36911 Gay Streets Suite 795,Brentmouth,LA,62951-4782,sarahparks@yahoo.com,Mark Garcia,Adults,18-40,AU001,Australia,LO007,80689.0,647.0,1042.0,924.0,27961.19,60402.25,Wesley Simon,EX005
C700,2023-05-03,2023-05-11,Instagram,CH004,Sales,CT002,Fisher-Johnston,CL 063,36491 Jennifer Park Suite 248,East David,PA,71082-4715,rellis@lindsey.com,Timothy Hernandez,Male,60+,AU005,UK,LO006,8174.0,1903.0,3149.0,364.0,36722.55,72065.98,Jesus Rivera,EX004
C701,2023-05-08,2023-05-21,Facebook,CH005,Sign Up,CT001,Valentine-Dunn,CL 027,723 Julia Burg,Bartonhaven,VT,86914,gharrington@yahoo.com,Nathan May,Female,60+,AU002,Japan,LO005,82374.0,9055.0,70.0,842.0,33225.93,0.0,Melissa Haynes,EX008
C702,2023-08-03,2023-08-11,Email,CH002,Sales,CT002,Drake-Vasquez,CL 038,8980 Cox Park,South Robert,NV,66099-6728,tylersheila@hicks.com,Teresa Doyle,Female,40-60,AU010,Japan,LO005,95691.0,4141.0,2705.0,604.0,46252.18,83280.54,Michael Camacho,EX007
C703,2023-09-06,2023-09-15,TikTok,CH003,Sign Up,CT001,"Ruiz, Cox and Meyer",CL 071,5058 Frank Locks,Blackmouth,MI,7896,vjohnson@yahoo.com,Anne Davis,Male,18-40,AU009,UK,LO006,54077.0,6479.0,1538.0,500.0,38089.63,0.0,Aaron Faulkner,EX009
C704,2023-01-28,2023-02-19,TikTok,CH003,Sales,CT002,Salinas-Chavez,CL 003,53637 Bonnie Walk Suite 961,South Adrianaport,IA,49560,richard84@hotmail.com,Chelsea Hoffman,Teens,13-19,AU008,Australia,LO007,12608.0,8707.0,3549.0,529.0,35936.42,72696.32,Thomas Ryan,EX003
C705,2023-09-22,2023-09-26,Instagram,CH004,Sales,CT002,Weaver-Hoover,CL 007,050 Andrews Green,North Renee,VT,22014-1131,jacqueline32@dominguez.biz,Kathy Mahoney,Male,40-60,AU003,UK,LO006,93609.0,6194.0,1183.0,349.0,7015.1,84038.62,Brandon Townsend Jr.,EX002
C706,2023-09-15,2023-10-11,Facebook,CH005,Sign Up,CT001,"Rowe, Morse and Morgan",CL 059,247 Young Spur,North Jacobview,WI,24275,hstafford@yahoo.com,Destiny Atkins,Seniors,60+,AU006,India,LO008,73134.0,9535.0,3440.0,263.0,15206.82,0.0,Becky Brown,EX006
C707,2023-08-06,2023-08-13,TikTok,CH003,Sign Up,CT001,Lopez PLC,CL 001,0806 Watson Drive Suite 662,Port Andrea,DE,42578-2286,zmcintyre@bauer.info,Barbara Walker,Male,40-60,AU003,Australia,LO007,89315.0,345.0,2748.0,713.0,33765.29,0.0,Lauren Riggs,EX001
C708,2023-05-19,2023-06-10,TikTok,CH003,Sign Up,CT001,Riley PLC,CL 018,699 Anderson Glen,Parkerside,AZ,15616-1374,jennifer09@york.org,Gary Reed,Female,18-40,AU004,India,LO008,44658.0,621.0,1469.0,455.0,8114.51,0.0,Kyle Serrano,EX010
C709,2023-05-05,2023-05-18,YouTube,CH001,Sales,CT002,Pearson-Shah,CL 077,5117 Suzanne Branch,Barnesmouth,VA,53846,anthony54@perez.com,Shannon Martinez,Seniors,60+,AU006,Australia,LO007,86352.0,7572.0,2946.0,279.0,39220.68,40287.75,Jesus Rivera,EX004
C710,2023-03-20,2023-03-29,TikTok,CH003,Sign Up,CT001,Ramirez-Wilson,CL 011,6802 Scott Ways,Jasonbury,NM,94299-7873,robertellis@simpson-gutierrez.com,Christine Nguyen,Adults,40-60,AU007,Canada,LO003,48837.0,2060.0,3798.0,371.0,24179.53,0.0,Becky Brown,EX006
C711,2023-11-14,2023-11-17,Facebook,CH005,Sales,CT002,Smith-Bailey,CL 012,055 Rebecca Ramp,Edwardsland,WY,72139-7625,bakerpaul@holland.com,Sharon Reeves,Adults,40-60,AU007,USA,LO001,87028.0,1857.0,2897.0,950.0,41726.13,30175.67,Michael Camacho,EX007
C712,2023-05-30,2023-06-11,Instagram,CH004,Sign Up,CT001,"Bradley, Jackson and Miller",CL 026,190 Bradley Mill Suite 940,Craigbury,MO,18832,hansonpatrick@hunt.com,Dr. David Glass Jr.,Female,18-40,AU004,Canada,LO003,46791.0,3476.0,2525.0,71.0,727.02,0.0,Melissa Haynes,EX008
C713,2023-08-11,2023-09-06,TikTok,CH003,Sales,CT002,Wall-Cruz,CL 073,7470 Harris Roads Suite 137,Brookefort,MP,32507,davidponce@turner-copeland.com,Robert Cruz,Female,18-40,AU004,UK,LO006,32122.0,5294.0,1763.0,40.0,16731.71,57542.92,Becky Brown,EX006
C714,2023-04-14,2023-04-17,Email,CH002,Sales,CT002,Mcbride-Finley,CL 029,438 Brent Roads Apt. 855,Tylerburgh,NY,69473,mcclainhannah@jensen-gilbert.com,Michael Freeman,Seniors,60+,AU006,LATAM,LO002,18403.0,4631.0,4101.0,940.0,6105.19,69594.46,Jesus Rivera,EX004
C715,2023-01-10,2023-01-20,Facebook,CH005,Sign Up,CT001,"James, Phelps and Burgess",CL 032,026 Good Ports Apt. 881,Port Adam,KY,82799-9255,edurham@hotmail.com,Vanessa Miranda,Male,60+,AU005,UK,LO006,31152.0,2536.0,1527.0,504.0,42611.62,0.0,Lauren Riggs,EX001
C716,2023-01-23,2023-02-18,Instagram,CH004,Sales,CT002,Lopez PLC,CL 001,0806 Watson Drive Suite 662,Port Andrea,DE,42578-2286,zmcintyre@bauer.info,Barbara Walker,Teens,13-19,AU008,Japan,LO005,6679.0,9664.0,3799.0,614.0,2822.17,65919.12,Lauren Riggs,EX001
C717,2023-08-28,2023-09-16,Email,CH002,Sales,CT002,Griffin Inc,CL 065,Unit 3822 Box 8338,DPO AE 21031-0227,,,dixonamber@hotmail.com,Theodore Murphy,Adults,18-40,AU001,Australia,LO007,31914.0,8133.0,4823.0,997.0,2499.9,26528.39,Brandon Townsend Jr.,EX002
C718,2023-03-13,2023-03-21,Facebook,CH005,Sign Up,CT001,Jimenez and Sons,CL 048,8451 Walter Fords Apt. 737,South Danielchester,CT,12719-1372,amartinez@oconnell.com,Justin Cole,Male,40-60,AU003,Europe,LO004,28185.0,7130.0,393.0,215.0,23245.31,0.0,Jesus Rivera,EX004
C719,2023-06-11,2023-06-21,TikTok,CH003,Sign Up,CT001,"Holloway, Cox and Ford",CL 046,7800 Dorsey Tunnel Suite 734,West Tracy,UT,56027,joseph49@hodges-campbell.com,Dennis Carr,Female,40-60,AU010,LATAM,LO002,49541.0,8844.0,979.0,400.0,8669.76,0.0,Brandon Townsend Jr.,EX002
C720,2023-04-07,2023-04-12,TikTok,CH003,Sales,CT002,Roberts-Howe,CL 066,64572 Dawn Forges Suite 455,South Samantha,PA,33248-5599,mckenziebrandon@allen.biz,Robert Mcintosh,Male,18-40,AU009,Canada,LO003,27083.0,4741.0,4128.0,327.0,12089.48,53716.38,Brandon Townsend Jr.,EX002
C721,2023-03-07,2023-03-31,YouTube,CH001,Sales,CT002,Mitchell-Rojas,CL 064,Unit 7421 Box 5134,DPO AE 60814,,,johnathan43@hotmail.com,Benjamin Anthony,Teens,13-19,AU008,Japan,LO005,31735.0,7726.0,3536.0,529.0,43967.86,48645.43,Thomas Ryan,EX003
C722,2023-09-18,2023-10-01,Email,CH002,Sign Up,CT001,"Ruiz, Cox and Meyer",CL 071,5058 Frank Locks,Blackmouth,MI,7896,vjohnson@yahoo.com,Anne Davis,Female,18-40,AU004,LATAM,LO002,93624.0,5725.0,4537.0,867.0,42471.9,0.0,Aaron Faulkner,EX009
C723,2023-08-28,2023-09-11,TikTok,CH003,Sales,CT002,Hernandez Inc,CL 052,9452 Amber Mills,Lopezville,NV,94038-0838,uhansen@livingston.com,Traci Holden,Male,60+,AU005,LATAM,LO002,29749.0,1743.0,1894.0,753.0,43232.64,23153.0,Melissa Haynes,EX008
C724,2023-09-02,2023-09-22,Facebook,CH005,Sign Up,CT001,"Ruiz, Cox and Meyer",CL 071,5058 Frank Locks,Blackmouth,MI,7896,vjohnson@yahoo.com,Anne Davis,Male,18-40,AU009,LATAM,LO002,72571.0,8060.0,2821.0,684.0,8918.4,0.0,Aaron Faulkner,EX009
C725,2023-04-05,2023-04-11,TikTok,CH003,Sales,CT002,"Brown, Lawrence and Collins",CL 054,069 Jeffrey Neck,North Jeffreyberg,VI,70669-3291,tracyfields@evans.com,Thomas Fleming,Male,60+,AU005,USA,LO001,76627.0,5857.0,2942.0,877.0,40787.13,50022.7,Michael Camacho,EX007
C726,2023-05-18,2023-06-12,YouTube,CH001,Sign Up,CT001,Phillips-Lewis,CL 057,152 Munoz Spur,Richardbury,NE,64820-6682,ssullivan@yahoo.com,April Williams,Adults,18-40,AU001,Europe,LO004,58833.0,1927.0,2668.0,192.0,29380.91,0.0,Aaron Faulkner,EX009
C727,2023-09-04,2023-09-22,TikTok,CH003,Sales,CT002,Jimenez and Sons,CL 048,8451 Walter Fords Apt. 737,South Danielchester,CT,12719-1372,amartinez@oconnell.com,Justin Cole,Female,40-60,AU010,USA,LO001,52849.0,4586.0,236.0,670.0,9068.53,70058.22,Jesus Rivera,EX004
C728,2023-12-12,2023-12-22,Instagram,CH004,Sales,CT002,Vaughan Group,CL 051,PSC 0937,Box 0339,APO AP,AP 98521,baldwinhailey@klein-fitzgerald.com,Ashley Carter,Female,60+,AU002,Australia,LO007,89917.0,2281.0,3522.0,278.0,37968.66,23165.06,Jesus Rivera,EX004
C729,2023-03-14,2023-04-12,Facebook,CH005,Sign Up,CT001,Riley PLC,CL 018,699 Anderson Glen,Parkerside,AZ,15616-1374,jennifer09@york.org,Gary Reed,Male,40-60,AU003,USA,LO001,63443.0,347.0,4935.0,648.0,5408.27,0.0,Kyle Serrano,EX010
C730,2023-05-29,2023-06-24,Email,CH002,Sales,CT002,Patterson and Sons,CL 006,0171 Patricia Street Suite 265,Frankmouth,MS,50700-0717,nataliemartinez@hotmail.com,Christopher Riggs,Female,18-40,AU004,Australia,LO007,11071.0,3916.0,1264.0,522.0,46658.64,40872.43,Jesus Rivera,EX004
C731,2023-03-18,2023-04-05,TikTok,CH003,Sales,CT002,"Weaver, Garner and Ramos",CL 002,2933 Ortiz Overpass Suite 099,South Douglasburgh,KY,52632-7557,oscott@gmail.com,Melinda Johnston,Male,40-60,AU003,LATAM,LO002,6346.0,5909.0,4752.0,943.0,11691.85,66555.73,Brandon Townsend Jr.,EX002
C732,2023-02-18,2023-02-24,TikTok,CH003,Sign Up,CT001,Fisher Group,CL 023,880 Watson Ramp Suite 059,Reynoldsfurt,GU,10725,brian57@hotmail.com,Jeremy Baker,Seniors,60+,AU006,LATAM,LO002,41486.0,7814.0,2925.0,285.0,25239.37,0.0,Melissa Haynes,EX008
C733,2023-09-08,2023-10-03,YouTube,CH001,Sales,CT002,Patterson and Sons,CL 006,0171 Patricia Street Suite 265,Frankmouth,MS,50700-0717,nataliemartinez@hotmail.com,Christopher Riggs,Female,40-60,AU010,Japan,LO005,45170.0,151.0,3997.0,603.0,2468.22,59281.2,Jesus Rivera,EX004
C734,2023-12-12,2024-01-01,Email,CH002,Sales,CT002,"Morris, Johnson and Anderson",CL 021,065 John Street,West Adamchester,NV,72944-3914,johnsondonald@meyer.com,Sandy Mathis,Adults,18-40,AU001,Canada,LO003,57486.0,1723.0,1935.0,430.0,45511.99,62744.22,Kyle Serrano,EX010
C735,2023-06-17,2023-07-17,YouTube,CH001,Sign Up,CT001,"Ruiz, Cox and Meyer",CL 071,5058 Frank Locks,Blackmouth,MI,7896,vjohnson@yahoo.com,Anne Davis,Seniors,60+,AU006,USA,LO001,30597.0,3511.0,3277.0,214.0,23225.69,0.0,Aaron Faulkner,EX009
C736,2023-03-02,2023-03-12,YouTube,CH001,Sign Up,CT001,Drake-Vasquez,CL 038,8980 Cox Park,South Robert,NV,66099-6728,tylersheila@hicks.com,Teresa Doyle,Adults,40-60,AU007,LATAM,LO002,33344.0,4245.0,4003.0,787.0,22087.12,0.0,Michael Camacho,EX007
C737,2023-07-27,2023-08-20,YouTube,CH001,Sales,CT002,Gray Ltd,CL 024,Unit 4555 Box 7398,DPO AE 23911-7290,,,owenmelinda@yahoo.com,Mark Long,Female,60+,AU002,USA,LO001,79240.0,3946.0,4626.0,754.0,15375.15,49579.17,Jesus Rivera,EX004
C738,2023-11-23,2023-12-21,Instagram,CH004,Sales,CT002,"Jones, Miranda and Martin",CL 055,45011 Marc Roads Apt. 548,Johnsonbury,NJ,40892,kristenhoward@yahoo.com,Christine Barnes,Male,18-40,AU009,Australia,LO007,61638.0,4876.0,2734.0,633.0,8080.11,53924.88,Thomas Ryan,EX003
C739,2023-02-08,2023-02-26,Instagram,CH004,Sign Up,CT001,Cooper-Alexander,CL 039,01438 Kristin Fords Apt. 626,Port Paula,WA,20979-6415,gchavez@yang.com,Alexandria Hansen,Male,60+,AU005,LATAM,LO002,73821.0,2101.0,4534.0,227.0,16789.66,0.0,Thomas Ryan,EX003
C740,2023-07-07,2023-07-24,Instagram,CH004,Sales,CT002,Roberts-Brown,CL 019,725 Peter Lights Apt. 639,South Janet,WV,83873-6339,nguyendustin@gmail.com,Samantha Hudson,Adults,18-40,AU001,India,LO008,64390.0,4275.0,3299.0,61.0,25802.69,81337.96,Thomas Ryan,EX003
C741,2023-12-13,2024-01-08,Facebook,CH005,Sales,CT002,"Rowe, Morse and Morgan",CL 059,247 Young Spur,North Jacobview,WI,24275,hstafford@yahoo.com,Destiny Atkins,Female,40-60,AU010,Japan,LO005,89940.0,6464.0,4095.0,903.0,2045.18,51454.54,Becky Brown,EX006
C742,2023-10-08,2023-10-26,YouTube,CH001,Sales,CT002,Melton-Smith,CL 045,03793 Jacobs Branch,West Max,MA,54633-3659,mercertimothy@huff.com,Patrick Abbott,Female,60+,AU002,Europe,LO004,80976.0,9094.0,644.0,610.0,34104.78,27355.71,Lauren Riggs,EX001
C743,2023-09-10,2023-09-25,TikTok,CH003,Sign Up,CT001,Daniels Group,CL 049,567 Jill Motorway,Sarabury,GU,20455-6244,michael10@gmail.com,Annette Rice,Adults,18-40,AU001,Canada,LO003,53233.0,1240.0,2489.0,656.0,15346.75,0.0,Wesley Simon,EX005
C744,2023-08-29,2023-09-21,Instagram,CH004,Sales,CT002,Lewis PLC,CL 013,621 Woodard Manors Apt. 208,Port Amy,ME,05157-2612,beth20@gmail.com,Diana Love,Teens,13-19,AU008,LATAM,LO002,93909.0,8933.0,156.0,972.0,13840.48,32545.91,Thomas Ryan,EX003
C745,2023-06-03,2023-06-10,Facebook,CH005,Sales,CT002,"Holloway, Cox and Ford",CL 046,7800 Dorsey Tunnel Suite 734,West Tracy,UT,56027,joseph49@hodges-campbell.com,Dennis Carr,Female,60+,AU002,UK,LO006,98390.0,2832.0,140.0,244.0,22545.15,31128.93,Brandon Townsend Jr.,EX002
C746,2023-04-08,2023-04-30,Instagram,CH004,Sign Up,CT001,Salinas-Chavez,CL 003,53637 Bonnie Walk Suite 961,South Adrianaport,IA,49560,richard84@hotmail.com,Chelsea Hoffman,Teens,13-19,AU008,LATAM,LO002,71266.0,5846.0,1306.0,304.0,41696.15,0.0,Thomas Ryan,EX003
C747,2023-04-25,2023-05-18,Instagram,CH004,Sales,CT002,Bernard and Sons,CL 044,8622 Ricky Knoll,New Jenniferville,GA,79764-9207,johnsonrobert@white.com,Julia Moore,Male,40-60,AU003,LATAM,LO002,13318.0,3763.0,1383.0,653.0,33216.65,34525.6,Thomas Ryan,EX003
C748,2023-09-01,2023-09-05,YouTube,CH001,Sales,CT002,"Jones, Miranda and Martin",CL 055,45011 Marc Roads Apt. 548,Johnsonbury,NJ,40892,kristenhoward@yahoo.com,Christine Barnes,Female,60+,AU002,Canada,LO003,56947.0,3454.0,1009.0,257.0,45811.16,36634.87,Thomas Ryan,EX003
C749,2023-06-20,2023-07-03,Facebook,CH005,Sign Up,CT001,Mcbride-Finley,CL 029,438 Brent Roads Apt. 855,Tylerburgh,NY,69473,mcclainhannah@jensen-gilbert.com,Michael Freeman,Female,18-40,AU004,Australia,LO007,29177.0,2965.0,2867.0,178.0,40410.97,0.0,Jesus Rivera,EX004
C750,2023-08-27,2023-09-09,TikTok,CH003,Sales,CT002,"Cohen, Williams and Hess",CL 061,93243 Lee Loop Apt. 832,North Jonathanland,MP,43605-6685,shawn39@gmail.com,Mr. Nicholas Ramirez,Male,60+,AU005,USA,LO001,34537.0,6655.0,4507.0,70.0,18256.07,55411.16,Jesus Rivera,EX004
C751,2023-06-12,2023-07-03,Instagram,CH004,Sales,CT002,Mcbride-Finley,CL 029,438 Brent Roads Apt. 855,Tylerburgh,NY,69473,mcclainhannah@jensen-gilbert.com,Michael Freeman,Female,18-40,AU004,India,LO008,21267.0,5640.0,4575.0,219.0,4454.77,70457.15,Jesus Rivera,EX004
C752,2023-01-23,2023-02-10,Facebook,CH005,Sales,CT002,Cooper-Alexander,CL 039,01438 Kristin Fords Apt. 626,Port Paula,WA,20979-6415,gchavez@yang.com,Alexandria Hansen,Seniors,60+,AU006,LATAM,LO002,69018.0,7117.0,2335.0,53.0,16919.98,26592.08,Thomas Ryan,EX003
C753,2023-02-05,2023-03-03,Email,CH002,Sales,CT002,Pearson-Shah,CL 077,5117 Suzanne Branch,Barnesmouth,VA,53846,anthony54@perez.com,Shannon Martinez,Adults,40-60,AU007,UK,LO006,15799.0,3437.0,2047.0,215.0,15074.95,62729.46,Jesus Rivera,EX004
C754,2023-10-03,2023-10-28,Facebook,CH005,Sales,CT002,Pearson-Shah,CL 077,5117 Suzanne Branch,Barnesmouth,VA,53846,anthony54@perez.com,Shannon Martinez,Male,40-60,AU003,Australia,LO007,30804.0,3130.0,2790.0,534.0,35795.66,51412.82,Jesus Rivera,EX004
C755,2023-11-26,2023-12-16,YouTube,CH001,Sign Up,CT001,Walter Ltd,CL 017,591 Gallegos Shore,East Jennifer,VT,67675,gravessusan@gonzalez.com,Sarah Warren,Male,18-40,AU009,Europe,LO004,46011.0,4350.0,214.0,92.0,45635.75,0.0,Aaron Faulkner,EX009
C756,2023-04-01,2023-04-12,YouTube,CH001,Sign Up,CT001,Griffin Inc,CL 065,Unit 3822 Box 8338,DPO AE 21031-0227,,,dixonamber@hotmail.com,Theodore Murphy,Adults,40-60,AU007,UK,LO006,82658.0,5137.0,4259.0,414.0,48384.07,0.0,Brandon Townsend Jr.,EX002
C757,2023-01-14,2023-01-30,Facebook,CH005,Sign Up,CT001,Bernard and Sons,CL 044,8622 Ricky Knoll,New Jenniferville,GA,79764-9207,johnsonrobert@white.com,Julia Moore,Seniors,60+,AU006,Europe,LO004,46430.0,3477.0,2674.0,982.0,3928.46,0.0,Thomas Ryan,EX003
C758,2023-06-25,2023-06-29,Instagram,CH004,Sign Up,CT001,Cooper-Alexander,CL 039,01438 Kristin Fords Apt. 626,Port Paula,WA,20979-6415,gchavez@yang.com,Alexandria Hansen,Male,18-40,AU009,Australia,LO007,61248.0,9357.0,1883.0,708.0,559.99,0.0,Thomas Ryan,EX003
C759,2023-08-14,2023-08-27,Email,CH002,Sales,CT002,"Cohen, Williams and Hess",CL 061,93243 Lee Loop Apt. 832,North Jonathanland,MP,43605-6685,shawn39@gmail.com,Mr. Nicholas Ramirez,Adults,40-60,AU007,Australia,LO007,44770.0,4629.0,449.0,10.0,5754.61,46482.49,Jesus Rivera,EX004
C760,2023-08-26,2023-08-30,Facebook,CH005,Sales,CT002,Edwards-Hoover,CL 069,86879 Carol Cove,North Evanton,MT,25565,bryantmichelle@rocha.com,Erika Owens,Female,40-60,AU010,Japan,LO005,75845.0,4802.0,4296.0,490.0,17746.64,23153.0,Melissa Haynes,EX008
C761,2023-04-13,2023-04-28,Facebook,CH005,Sales,CT002,Salinas-Chavez,CL 003,53637 Bonnie Walk Suite 961,South Adrianaport,IA,49560,richard84@hotmail.com,Chelsea Hoffman,Adults,40-60,AU007,Europe,LO004,24688.0,2505.0,4693.0,690.0,14095.14,38284.27,Thomas Ryan,EX003
C762,2023-01-13,2023-02-07,TikTok,CH003,Sales,CT002,Bernard and Sons,CL 044,8622 Ricky Knoll,New Jenniferville,GA,79764-9207,johnsonrobert@white.com,Julia Moore,Female,60+,AU002,LATAM,LO002,5833.0,360.0,3769.0,84.0,33506.1,57573.27,Thomas Ryan,EX003
C763,2023-03-29,2023-04-15,Facebook,CH005,Sign Up,CT001,Valentine-Dunn,CL 027,723 Julia Burg,Bartonhaven,VT,86914,gharrington@yahoo.com,Nathan May,Male,40-60,AU003,India,LO008,42567.0,6238.0,3141.0,854.0,24364.31,0.0,Melissa Haynes,EX008
C764,2023-01-25,2023-02-11,TikTok,CH003,Sales,CT002,Walter Ltd,CL 017,591 Gallegos Shore,East Jennifer,VT,67675,gravessusan@gonzalez.com,Sarah Warren,Female,60+,AU002,Australia,LO007,88591.0,2882.0,115.0,482.0,48335.51,23153.0,Aaron Faulkner,EX009
C765,2023-04-25,2023-04-27,Instagram,CH004,Sales,CT002,Harmon Inc,CL 075,3532 Carla Spurs Suite 631,East Susanside,VA,63110-6508,steven77@miller.com,Heidi Black,Adults,40-60,AU007,Canada,LO003,64682.0,550.0,1743.0,543.0,35204.31,61453.76,Kyle Serrano,EX010
C766,2023-05-27,2023-06-26,TikTok,CH003,Sales,CT002,Hughes-Sullivan,CL 076,5874 Guerra Courts Suite 368,South Codyhaven,OR,93465,williamsnathaniel@yahoo.com,Roy Obrien,Male,60+,AU005,Japan,LO005,45614.0,387.0,4368.0,270.0,26224.71,79247.04,Brandon Townsend Jr.,EX002
C767,2023-05-02,2023-05-16,Facebook,CH005,Sales,CT002,"Hernandez, Keller and Berry",CL 072,Unit 2637 Box 1240,DPO AE 48178,,,mary90@yahoo.com,Kristin Carson,Female,40-60,AU010,USA,LO001,76723.0,2040.0,2926.0,722.0,8493.35,41555.06,Thomas Ryan,EX003
C768,2023-10-14,2023-10-16,Instagram,CH004,Sales,CT002,Edwards LLC,CL 043,123 Amanda Summit,Lake Marietown,IL,81773-5493,tinamckay@sharp-smith.com,Matthew Davis,Teens,13-19,AU008,UK,LO006,41110.0,799.0,3358.0,298.0,26486.07,23153.0,Melissa Haynes,EX008
C769,2023-03-13,2023-03-24,Instagram,CH004,Sign Up,CT001,Schneider PLC,CL 014,872 Davila Ville Apt. 985,Millerland,GA,42888,beasleycraig@yahoo.com,Stephen Murphy,Male,40-60,AU003,LATAM,LO002,88879.0,155.0,1427.0,725.0,40028.78,0.0,Lauren Riggs,EX001
C770,2023-07-17,2023-07-29,YouTube,CH001,Sign Up,CT001,Jackson Inc,CL 015,96299 Miller Spur,Jensenfurt,CA,97794-3156,jeremy09@yahoo.com,Karen Rivers,Adults,40-60,AU007,Japan,LO005,85108.0,5986.0,3548.0,812.0,26333.81,0.0,Thomas Ryan,EX003
C771,2023-12-27,2024-01-10,YouTube,CH001,Sales,CT002,"Bradley, Jackson and Miller",CL 026,190 Bradley Mill Suite 940,Craigbury,MO,18832,hansonpatrick@hunt.com,Dr. David Glass Jr.,Male,60+,AU005,Australia,LO007,23016.0,7458.0,1991.0,898.0,13060.69,44261.53,Melissa Haynes,EX008
C772,2023-10-16,2023-10-21,Instagram,CH004,Sales,CT002,Reed-Johnson,CL 070,01161 Mcintyre Burg,Robinsonport,CO,51964,stacy50@bates-martin.com,John Terrell,Teens,13-19,AU008,UK,LO006,40271.0,6298.0,1757.0,820.0,39602.8,69783.21,Becky Brown,EX006
C773,2023-03-15,2023-03-30,TikTok,CH003,Sign Up,CT001,"Cohen, Williams and Hess",CL 061,93243 Lee Loop Apt. 832,North Jonathanland,MP,43605-6685,shawn39@gmail.com,Mr. Nicholas Ramirez,Male,18-40,AU009,Canada,LO003,25789.0,2637.0,932.0,321.0,16102.7,0.0,Jesus Rivera,EX004
C774,2023-04-26,2023-05-21,TikTok,CH003,Sales,CT002,Hernandez Inc,CL 052,9452 Amber Mills,Lopezville,NV,94038-0838,uhansen@livingston.com,Traci Holden,Female,60+,AU002,LATAM,LO002,79397.0,9217.0,2441.0,62.0,10056.92,49379.31,Melissa Haynes,EX008
C775,2023-06-04,2023-06-05,Instagram,CH004,Sign Up,CT001,"Russell, Wilson and Rogers",CL 004,27907 Deborah Hill Suite 235,Abigailbury,CO,58408,michael78@yahoo.com,Michael Howard,Female,40-60,AU010,Australia,LO007,74420.0,7133.0,4124.0,696.0,11759.87,0.0,Thomas Ryan,EX003
C776,2023-10-05,2023-10-27,TikTok,CH003,Sales,CT002,"Noble, Mcneil and Cooper",CL 009,36911 Gay Streets Suite 795,Brentmouth,LA,62951-4782,sarahparks@yahoo.com,Mark Garcia,Adults,18-40,AU001,Canada,LO003,25765.0,5815.0,1302.0,350.0,22077.27,27287.92,Wesley Simon,EX005
C777,2023-11-08,2023-12-05,Instagram,CH004,Sign Up,CT001,Williams PLC,CL 062,911 Thomas Manors,Longchester,ID,62649-9748,sanchezangela@butler.com,Reginald Lee,Adults,40-60,AU007,Japan,LO005,35189.0,7969.0,1611.0,901.0,20224.06,0.0,Michael Camacho,EX007
C778,2023-10-29,2023-11-13,TikTok,CH003,Sales,CT002,"Bush, Mendez and Smith",CL 028,791 Darryl Squares Suite 934,Holdenport,OH,41129-2197,churchtimothy@yahoo.com,Patrick Williams,Female,18-40,AU004,India,LO008,44867.0,5773.0,2382.0,593.0,24009.95,59366.59,Brandon Townsend Jr.,EX002
C779,2023-03-15,2023-04-12,YouTube,CH001,Sign Up,CT001,"Fox, Carter and Cunningham",CL 033,99919 Michelle Green Apt. 424,West Hannah,KY,63482-6699,bradymcclain@hotmail.com,Andre Manning,Adults,40-60,AU007,India,LO008,7496.0,7818.0,1748.0,857.0,43895.38,0.0,Brandon Townsend Jr.,EX002
C780,2023-08-24,2023-09-03,TikTok,CH003,Sales,CT002,Reed-Johnson,CL 070,01161 Mcintyre Burg,Robinsonport,CO,51964,stacy50@bates-martin.com,John Terrell,Adults,40-60,AU007,India,LO008,82465.0,1490.0,4815.0,983.0,1759.67,50599.26,Becky Brown,EX006
C781,2023-03-08,2023-04-03,YouTube,CH001,Sales,CT002,Schneider PLC,CL 014,872 Davila Ville Apt. 985,Millerland,GA,42888,beasleycraig@yahoo.com,Stephen Murphy,Adults,18-40,AU001,USA,LO001,23245.0,3719.0,806.0,498.0,48705.66,46912.6,Lauren Riggs,EX001
C782,2023-08-28,2023-09-21,TikTok,CH003,Sales,CT002,Schneider PLC,CL 014,872 Davila Ville Apt. 985,Millerland,GA,42888,beasleycraig@yahoo.com,Stephen Murphy,Male,18-40,AU009,USA,LO001,80911.0,4141.0,1516.0,172.0,26373.84,26675.91,Lauren Riggs,EX001
C783,2023-10-29,2023-11-12,Instagram,CH004,Sign Up,CT001,Phillips-Lewis,CL 057,152 Munoz Spur,Richardbury,NE,64820-6682,ssullivan@yahoo.com,April Williams,Teens,13-19,AU008,UK,LO006,56882.0,976.0,4058.0,130.0,26337.7,0.0,Aaron Faulkner,EX009
C784,2023-08-13,2023-08-24,Facebook,CH005,Sign Up,CT001,Edwards LLC,CL 043,123 Amanda Summit,Lake Marietown,IL,81773-5493,tinamckay@sharp-smith.com,Matthew Davis,Female,60+,AU002,Japan,LO005,97272.0,4580.0,4225.0,470.0,47279.17,0.0,Melissa Haynes,EX008
C785,2023-01-08,2023-02-02,Email,CH002,Sales,CT002,Ross Group,CL 008,2397 Allison Knolls Suite 213,Jacksonside,WV,58803-3895,kristopher99@romero.org,Lauren Graham,Adults,40-60,AU007,Canada,LO003,62837.0,8418.0,2255.0,569.0,45109.32,61279.89,Brandon Townsend Jr.,EX002
C786,2023-08-11,2023-08-21,Instagram,CH004,Sales,CT002,Griffin Inc,CL 065,Unit 3822 Box 8338,DPO AE 21031-0227,,,dixonamber@hotmail.com,Theodore Murphy,Adults,40-60,AU007,UK,LO006,30163.0,1510.0,3037.0,429.0,11147.66,36432.66,Brandon Townsend Jr.,EX002
C787,2023-07-25,2023-07-30,YouTube,CH001,Sign Up,CT001,Reyes-Rios,CL 030,49937 Christopher Unions,Gutierrezmouth,MI,13751-5785,cunninghamjerry@gmail.com,Eric Davis,Male,60+,AU005,Australia,LO007,94708.0,2586.0,331.0,656.0,41274.42,0.0,Wesley Simon,EX005
C788,2023-10-04,2023-10-06,TikTok,CH003,Sales,CT002,Nunez-Bowers,CL 020,6821 Walker Via Suite 228,Lake Jessica,NE,05036-1909,michelle44@yahoo.com,James Woods,Teens,13-19,AU008,Australia,LO007,58272.0,627.0,1506.0,646.0,17828.55,48920.73,Wesley Simon,EX005
C789,2023-05-21,2023-06-04,TikTok,CH003,Sign Up,CT001,"Parker, Velasquez and Dixon",CL 036,33302 Fuller Lakes,West Christopher,MH,17095,hutchinsonmary@gmail.com,Brian George,Adults,40-60,AU007,UK,LO006,40724.0,2865.0,2240.0,252.0,10388.09,0.0,Aaron Faulkner,EX009
C790,2023-08-29,2023-09-13,Email,CH002,Sales,CT002,"Holloway, Cox and Ford",CL 046,7800 Dorsey Tunnel Suite 734,West Tracy,UT,56027,joseph49@hodges-campbell.com,Dennis Carr,Female,60+,AU002,Australia,LO007,17486.0,4370.0,1581.0,331.0,9872.39,82062.06,Brandon Townsend Jr.,EX002
C791,2023-06-04,2023-06-21,TikTok,CH003,Sign Up,CT001,Green-Blake,CL 050,230 Brandon Bypass Apt. 679,New Melissa,TN,37505-3043,karenpayne@yahoo.com,Dustin Ramirez,Adults,18-40,AU001,Australia,LO007,68615.0,7809.0,4508.0,877.0,49861.53,0.0,Jesus Rivera,EX004
C792,2023-01-23,2023-02-02,Email,CH002,Sales,CT002,"Hunt, Woods and Saunders",CL 016,48531 Garcia Walk,Gonzalesville,WY,31844,rramsey@warren.com,April Brewer,Female,18-40,AU004,Australia,LO007,26909.0,4668.0,3847.0,713.0,14532.15,68857.29,Melissa Haynes,EX008
C793,2023-01-22,2023-02-20,TikTok,CH003,Sign Up,CT001,"Hunt, Woods and Saunders",CL 016,48531 Garcia Walk,Gonzalesville,WY,31844,rramsey@warren.com,April Brewer,Teens,13-19,AU008,Australia,LO007,6360.0,7701.0,3086.0,689.0,33424.0,0.0,Melissa Haynes,EX008
C794,2023-09-18,2023-10-16,YouTube,CH001,Sales,CT002,"Miller, Bryant and Burnett",CL 037,1044 Kennedy Prairie Apt. 186,Jamiemouth,NE,12690-6573,bjohnson@martin-williams.com,Christopher Clark,Adults,18-40,AU001,LATAM,LO002,70926.0,5011.0,3520.0,26.0,45219.55,50099.81,Aaron Faulkner,EX009
C795,2023-10-11,2023-10-28,Email,CH002,Sales,CT002,"Parker, Velasquez and Dixon",CL 036,33302 Fuller Lakes,West Christopher,MH,17095,hutchinsonmary@gmail.com,Brian George,Male,60+,AU005,Japan,LO005,27486.0,8677.0,1001.0,664.0,47045.79,64583.92,Aaron Faulkner,EX009
C796,2023-09-17,2023-09-21,Instagram,CH004,Sales,CT002,Cunningham-Little,CL 042,Unit 5043 Box 8770,DPO AP 84852,,,christopher51@watson.net,Stephanie Fernandez,Female,40-60,AU010,Europe,LO004,88672.0,3758.0,1721.0,112.0,15921.72,41946.82,Becky Brown,EX006
C797,2023-04-20,2023-05-16,Facebook,CH005,Sales,CT002,Mcbride-Finley,CL 029,438 Brent Roads Apt. 855,Tylerburgh,NY,69473,mcclainhannah@jensen-gilbert.com,Michael Freeman,Female,40-60,AU010,India,LO008,49080.0,5882.0,342.0,205.0,11987.73,29589.29,Jesus Rivera,EX004
C798,2023-07-05,2023-08-04,Instagram,CH004,Sales,CT002,"Russell, Wilson and Rogers",CL 004,27907 Deborah Hill Suite 235,Abigailbury,CO,58408,michael78@yahoo.com,Michael Howard,Female,60+,AU002,India,LO008,73154.0,6775.0,4143.0,980.0,39831.14,33155.7,Thomas Ryan,EX003
C799,2023-12-18,2024-01-10,Instagram,CH004,Sign Up,CT001,"Cohen, Williams and Hess",CL 061,93243 Lee Loop Apt. 832,North Jonathanland,MP,43605-6685,shawn39@gmail.com,Mr. Nicholas Ramirez,Seniors,60+,AU006,Japan,LO005,82746.0,9457.0,3330.0,262.0,23276.85,0.0,Jesus Rivera,EX004
C800,2023-11-12,2023-12-01,Instagram,CH004,Sales,CT002,Edwards-Hoover,CL 069,86879 Carol Cove,North Evanton,MT,25565,bryantmichelle@rocha.com,Erika Owens,Seniors,60+,AU006,Europe,LO004,4221.0,5135.0,4950.0,623.0,18165.23,38296.72,Melissa Haynes,EX008
C801,2023-05-31,2023-06-27,Facebook,CH005,Sales,CT002,Schneider PLC,CL 014,872 Davila Ville Apt. 985,Millerland,GA,42888,beasleycraig@yahoo.com,Stephen Murphy,Adults,40-60,AU007,UK,LO006,95035.0,5137.0,4657.0,496.0,43676.03,57171.53,Lauren Riggs,EX001
C802,2023-08-06,2023-09-03,Facebook,CH005,Sign Up,CT001,Cooper-Alexander,CL 039,01438 Kristin Fords Apt. 626,Port Paula,WA,20979-6415,gchavez@yang.com,Alexandria Hansen,Female,60+,AU002,Europe,LO004,30527.0,2638.0,1024.0,514.0,30502.1,0.0,Thomas Ryan,EX003
C803,2023-12-19,2024-01-17,Instagram,CH004,Sign Up,CT001,Herrera-Cook,CL 040,0613 David Haven Apt. 354,North Samantha,MI,10699-1384,ijordan@gmail.com,Madison York,Male,60+,AU005,Japan,LO005,87591.0,7669.0,821.0,315.0,35480.35,0.0,Wesley Simon,EX005
C804,2023-12-16,2023-12-20,Facebook,CH005,Sign Up,CT001,"Noble, Mcneil and Cooper",CL 009,36911 Gay Streets Suite 795,Brentmouth,LA,62951-4782,sarahparks@yahoo.com,Mark Garcia,Male,40-60,AU003,Japan,LO005,32615.0,3765.0,2117.0,25.0,3917.52,0.0,Wesley Simon,EX005
C805,2023-02-17,2023-02-22,Facebook,CH005,Sales,CT002,Cooper-Alexander,CL 039,01438 Kristin Fords Apt. 626,Port Paula,WA,20979-6415,gchavez@yang.com,Alexandria Hansen,Male,40-60,AU003,Australia,LO007,48431.0,7925.0,4658.0,816.0,32630.08,45870.58,Thomas Ryan,EX003
C806,2023-05-19,2023-06-09,Email,CH002,Sales,CT002,Jones LLC,CL 035,89103 Jennings Cape Suite 740,South Dianafort,FL,68504,norrisjames@pearson-burton.biz,Danielle Hernandez,Teens,13-19,AU008,Canada,LO003,47166.0,2283.0,664.0,20.0,28538.68,35276.24,Aaron Faulkner,EX009
C807,2023-02-27,2023-03-12,YouTube,CH001,Sales,CT002,Daniels Group,CL 049,567 Jill Motorway,Sarabury,GU,20455-6244,michael10@gmail.com,Annette Rice,Male,40-60,AU003,UK,LO006,92466.0,3149.0,4095.0,440.0,37729.47,55920.34,Wesley Simon,EX005
C808,2023-04-19,2023-05-14,TikTok,CH003,Sales,CT002,"Bradley, Jackson and Miller",CL 026,190 Bradley Mill Suite 940,Craigbury,MO,18832,hansonpatrick@hunt.com,Dr. David Glass Jr.,Male,60+,AU005,Australia,LO007,17199.0,9495.0,3718.0,650.0,41670.6,57236.2,Melissa Haynes,EX008
C809,2023-11-30,2023-12-05,Facebook,CH005,Sign Up,CT001,Riley PLC,CL 018,699 Anderson Glen,Parkerside,AZ,15616-1374,jennifer09@york.org,Gary Reed,Seniors,60+,AU006,India,LO008,87168.0,7083.0,1327.0,673.0,3855.17,0.0,Kyle Serrano,EX010
C810,2023-07-15,2023-07-21,Facebook,CH005,Sign Up,CT001,Phillips-Lewis,CL 057,152 Munoz Spur,Richardbury,NE,64820-6682,ssullivan@yahoo.com,April Williams,Male,18-40,AU009,Europe,LO004,70375.0,9726.0,2521.0,25.0,10592.77,0.0,Aaron Faulkner,EX009
C811,2023-03-24,2023-04-06,TikTok,CH003,Sales,CT002,Melton-Smith,CL 045,03793 Jacobs Branch,West Max,MA,54633-3659,mercertimothy@huff.com,Patrick Abbott,Male,18-40,AU009,Europe,LO004,8666.0,813.0,3396.0,920.0,15938.86,32239.68,Lauren Riggs,EX001
C812,2023-07-22,2023-08-04,YouTube,CH001,Sales,CT002,Schneider PLC,CL 014,872 Davila Ville Apt. 985,Millerland,GA,42888,beasleycraig@yahoo.com,Stephen Murphy,Female,40-60,AU010,Japan,LO005,34088.0,6888.0,4970.0,187.0,26072.74,60768.26,Lauren Riggs,EX001
C813,2023-02-12,2023-03-07,Email,CH002,Sales,CT002,"Morris, Johnson and Anderson",CL 021,065 John Street,West Adamchester,NV,72944-3914,johnsondonald@meyer.com,Sandy Mathis,Female,40-60,AU010,UK,LO006,40982.0,5678.0,233.0,667.0,29725.66,62029.64,Kyle Serrano,EX010
C814,2023-12-04,2023-12-10,TikTok,CH003,Sales,CT002,"Noble, Mcneil and Cooper",CL 009,36911 Gay Streets Suite 795,Brentmouth,LA,62951-4782,sarahparks@yahoo.com,Mark Garcia,Teens,13-19,AU008,Canada,LO003,95586.0,1018.0,1724.0,232.0,22154.49,29942.86,Wesley Simon,EX005
C815,2023-08-08,2023-08-27,Facebook,CH005,Sign Up,CT001,Bernard and Sons,CL 044,8622 Ricky Knoll,New Jenniferville,GA,79764-9207,johnsonrobert@white.com,Julia Moore,Teens,13-19,AU008,Europe,LO004,86611.0,527.0,2971.0,634.0,45987.29,0.0,Thomas Ryan,EX003
C816,2023-08-22,2023-09-02,TikTok,CH003,Sales,CT002,Ross Group,CL 008,2397 Allison Knolls Suite 213,Jacksonside,WV,58803-3895,kristopher99@romero.org,Lauren Graham,Female,40-60,AU010,Japan,LO005,94470.0,7317.0,436.0,238.0,30121.63,78453.81,Brandon Townsend Jr.,EX002
C817,2023-08-14,2023-08-19,TikTok,CH003,Sales,CT002,Ramirez-Wilson,CL 011,6802 Scott Ways,Jasonbury,NM,94299-7873,robertellis@simpson-gutierrez.com,Christine Nguyen,Female,18-40,AU004,USA,LO001,78045.0,7128.0,2951.0,949.0,36212.28,23153.0,Becky Brown,EX006
C818,2023-05-14,2023-06-09,Email,CH002,Sales,CT002,Fisher-Johnston,CL 063,36491 Jennifer Park Suite 248,East David,PA,71082-4715,rellis@lindsey.com,Timothy Hernandez,Female,60+,AU002,LATAM,LO002,38727.0,9273.0,136.0,688.0,40894.0,75958.35,Jesus Rivera,EX004
C819,2023-04-14,2023-05-08,Email,CH002,Sales,CT002,Drake-Vasquez,CL 038,8980 Cox Park,South Robert,NV,66099-6728,tylersheila@hicks.com,Teresa Doyle,Male,40-60,AU003,India,LO008,42103.0,9806.0,2521.0,145.0,1249.73,53184.0,Michael Camacho,EX007
C820,2023-01-04,2023-01-13,Facebook,CH005,Sales,CT002,"Morris, Johnson and Anderson",CL 021,065 John Street,West Adamchester,NV,72944-3914,johnsondonald@meyer.com,Sandy Mathis,Adults,40-60,AU007,USA,LO001,88270.0,6701.0,4524.0,572.0,31829.01,65359.4,Kyle Serrano,EX010
C821,2023-06-22,2023-07-08,Email,CH002,Sign Up,CT001,Fisher-Johnston,CL 063,36491 Jennifer Park Suite 248,East David,PA,71082-4715,rellis@lindsey.com,Timothy Hernandez,Male,60+,AU005,Canada,LO003,98526.0,5011.0,1173.0,105.0,25538.3,0.0,Jesus Rivera,EX004
C822,2023-08-28,2023-09-07,Email,CH002,Sign Up,CT001,"James, Phelps and Burgess",CL 032,026 Good Ports Apt. 881,Port Adam,KY,82799-9255,edurham@hotmail.com,Vanessa Miranda,Adults,40-60,AU007,Canada,LO003,88466.0,7613.0,1955.0,342.0,1276.55,0.0,Lauren Riggs,EX001
C823,2023-03-11,2023-04-01,YouTube,CH001,Sign Up,CT001,Jimenez and Sons,CL 048,8451 Walter Fords Apt. 737,South Danielchester,CT,12719-1372,amartinez@oconnell.com,Justin Cole,Teens,13-19,AU008,Europe,LO004,77646.0,1132.0,2489.0,909.0,34858.96,0.0,Jesus Rivera,EX004
C824,2023-04-23,2023-05-01,TikTok,CH003,Sales,CT002,Phillips-Lewis,CL 057,152 Munoz Spur,Richardbury,NE,64820-6682,ssullivan@yahoo.com,April Williams,Adults,18-40,AU001,India,LO008,6205.0,8940.0,640.0,561.0,22231.65,42410.94,Aaron Faulkner,EX009
C825,2023-11-07,2023-11-22,TikTok,CH003,Sales,CT002,Lewis-Martinez,CL 067,37059 Bates Prairie Suite 432,Port Robertmouth,MN,28374,joshua06@king.com,Angela Anderson,Teens,13-19,AU008,Canada,LO003,66895.0,3352.0,543.0,753.0,6837.32,49517.48,Aaron Faulkner,EX009
C826,2023-09-11,2023-09-25,Instagram,CH004,Sales,CT002,Fisher Group,CL 023,880 Watson Ramp Suite 059,Reynoldsfurt,GU,10725,brian57@hotmail.com,Jeremy Baker,Adults,40-60,AU007,UK,LO006,57249.0,6058.0,2383.0,745.0,46463.19,32754.33,Melissa Haynes,EX008
C827,2023-11-17,2023-11-27,Email,CH002,Sign Up,CT001,Cooper-Alexander,CL 039,01438 Kristin Fords Apt. 626,Port Paula,WA,20979-6415,gchavez@yang.com,Alexandria Hansen,Teens,13-19,AU008,USA,LO001,1516.0,5920.0,2088.0,904.0,22536.74,0.0,Thomas Ryan,EX003
C828,2023-03-11,2023-03-21,Instagram,CH004,Sign Up,CT001,"Morris, Johnson and Anderson",CL 021,065 John Street,West Adamchester,NV,72944-3914,johnsondonald@meyer.com,Sandy Mathis,Male,60+,AU005,Japan,LO005,44912.0,9093.0,1823.0,310.0,17007.12,0.0,Kyle Serrano,EX010
C829,2023-07-26,2023-08-16,Email,CH002,Sales,CT002,Daniels Group,CL 049,567 Jill Motorway,Sarabury,GU,20455-6244,michael10@gmail.com,Annette Rice,Male,18-40,AU009,LATAM,LO002,70846.0,4360.0,4553.0,339.0,44841.7,60376.63,Wesley Simon,EX005
C830,2023-10-07,2023-11-02,Facebook,CH005,Sales,CT002,Lopez PLC,CL 001,0806 Watson Drive Suite 662,Port Andrea,DE,42578-2286,zmcintyre@bauer.info,Barbara Walker,Teens,13-19,AU008,India,LO008,60110.0,5095.0,2107.0,649.0,14084.61,25790.71,Lauren Riggs,EX001
C831,2023-02-13,2023-03-15,Instagram,CH004,Sales,CT002,"James, Phelps and Burgess",CL 032,026 Good Ports Apt. 881,Port Adam,KY,82799-9255,edurham@hotmail.com,Vanessa Miranda,Female,18-40,AU004,Japan,LO005,38888.0,538.0,1187.0,904.0,2555.8,31705.64,Lauren Riggs,EX001
C832,2023-01-21,2023-02-07,Instagram,CH004,Sales,CT002,Nunez-Bowers,CL 020,6821 Walker Via Suite 228,Lake Jessica,NE,05036-1909,michelle44@yahoo.com,James Woods,Adults,40-60,AU007,Japan,LO005,23429.0,2964.0,1844.0,182.0,26889.78,49649.17,Wesley Simon,EX005
C833,2023-11-05,2023-11-25,Facebook,CH005,Sales,CT002,Melton-Smith,CL 045,03793 Jacobs Branch,West Max,MA,54633-3659,mercertimothy@huff.com,Patrick Abbott,Adults,18-40,AU001,Europe,LO004,91185.0,2328.0,341.0,401.0,43651.68,56214.93,Lauren Riggs,EX001
C834,2023-09-29,2023-10-04,YouTube,CH001,Sales,CT002,"James, Phelps and Burgess",CL 032,026 Good Ports Apt. 881,Port Adam,KY,82799-9255,edurham@hotmail.com,Vanessa Miranda,Adults,40-60,AU007,LATAM,LO002,39709.0,9678.0,989.0,419.0,26981.44,33549.28,Lauren Riggs,EX001
C835,2023-04-28,2023-05-12,Instagram,CH004,Sign Up,CT001,Salinas-Chavez,CL 003,53637 Bonnie Walk Suite 961,South Adrianaport,IA,49560,richard84@hotmail.com,Chelsea Hoffman,Male,40-60,AU003,Europe,LO004,96093.0,668.0,4457.0,46.0,18024.96,0.0,Thomas Ryan,EX003
C836,2023-06-03,2023-06-19,YouTube,CH001,Sales,CT002,Roberts-Brown,CL 019,725 Peter Lights Apt. 639,South Janet,WV,83873-6339,nguyendustin@gmail.com,Samantha Hudson,Adults,18-40,AU001,UK,LO006,44087.0,1757.0,1208.0,798.0,33608.16,43839.66,Thomas Ryan,EX003
C837,2023-07-09,2023-07-24,YouTube,CH001,Sign Up,CT001,"Bradley, Jackson and Miller",CL 026,190 Bradley Mill Suite 940,Craigbury,MO,18832,hansonpatrick@hunt.com,Dr. David Glass Jr.,Female,40-60,AU010,Australia,LO007,99484.0,9303.0,3813.0,51.0,41032.62,0.0,Melissa Haynes,EX008
C838,2023-01-13,2023-02-04,YouTube,CH001,Sales,CT002,Riley PLC,CL 018,699 Anderson Glen,Parkerside,AZ,15616-1374,jennifer09@york.org,Gary Reed,Female,40-60,AU010,LATAM,LO002,53031.0,6198.0,3197.0,659.0,27901.89,55934.84,Kyle Serrano,EX010
C839,2023-11-27,2023-12-05,Facebook,CH005,Sales,CT002,Lopez PLC,CL 001,0806 Watson Drive Suite 662,Port Andrea,DE,42578-2286,zmcintyre@bauer.info,Barbara Walker,Male,60+,AU005,UK,LO006,34219.0,196.0,3516.0,112.0,15945.78,47201.2,Lauren Riggs,EX001
C840,2023-04-23,2023-04-28,Instagram,CH004,Sign Up,CT001,"Miller, Bryant and Burnett",CL 037,1044 Kennedy Prairie Apt. 186,Jamiemouth,NE,12690-6573,bjohnson@martin-williams.com,Christopher Clark,Seniors,60+,AU006,UK,LO006,32127.0,6996.0,417.0,347.0,19454.03,0.0,Aaron Faulkner,EX009
C841,2023-10-18,2023-10-26,TikTok,CH003,Sign Up,CT001,Benjamin and Sons,CL 068,861 Knox Cape Apt. 731,Lake John,CA,62474,lrice@yahoo.com,Derek Juarez,Male,40-60,AU003,UK,LO006,12076.0,8918.0,1043.0,718.0,49348.57,0.0,Thomas Ryan,EX003
C842,2023-02-05,2023-02-06,Instagram,CH004,Sign Up,CT001,"James, Phelps and Burgess",CL 032,026 Good Ports Apt. 881,Port Adam,KY,82799-9255,edurham@hotmail.com,Vanessa Miranda,Seniors,60+,AU006,USA,LO001,26586.0,3119.0,593.0,457.0,47195.85,0.0,Lauren Riggs,EX001
C843,2023-10-10,2023-11-09,Email,CH002,Sign Up,CT001,"Miller, Bryant and Burnett",CL 037,1044 Kennedy Prairie Apt. 186,Jamiemouth,NE,12690-6573,bjohnson@martin-williams.com,Christopher Clark,Adults,18-40,AU001,Australia,LO007,98648.0,9609.0,2073.0,543.0,28822.16,0.0,Aaron Faulkner,EX009
C844,2023-06-04,2023-06-19,TikTok,CH003,Sales,CT002,Griffin LLC,CL 078,4454 Tanya Bridge Apt. 797,East Johnmouth,AR,45759,carlos94@ware.org,Karen Mitchell,Female,40-60,AU010,Canada,LO003,32526.0,7646.0,3493.0,966.0,10180.14,64010.65,Brandon Townsend Jr.,EX002
C845,2023-07-04,2023-07-25,TikTok,CH003,Sales,CT002,Riley PLC,CL 018,699 Anderson Glen,Parkerside,AZ,15616-1374,jennifer09@york.org,Gary Reed,Seniors,60+,AU006,Japan,LO005,84010.0,7955.0,3411.0,742.0,11007.12,32327.0,Kyle Serrano,EX010
C846,2023-12-20,2024-01-10,Facebook,CH005,Sales,CT002,"Miller, Bryant and Burnett",CL 037,1044 Kennedy Prairie Apt. 186,Jamiemouth,NE,12690-6573,bjohnson@martin-williams.com,Christopher Clark,Male,60+,AU005,USA,LO001,26764.0,8941.0,2999.0,46.0,17842.97,57153.4,Aaron Faulkner,EX009
C847,2023-08-18,2023-09-05,Instagram,CH004,Sales,CT002,"Bush, Mendez and Smith",CL 028,791 Darryl Squares Suite 934,Holdenport,OH,41129-2197,churchtimothy@yahoo.com,Patrick Williams,Male,18-40,AU009,LATAM,LO002,1198.0,3144.0,3259.0,586.0,27010.88,47333.7,Brandon Townsend Jr.,EX002
C848,2023-05-20,2023-06-19,Email,CH002,Sales,CT002,"Bradley, Jackson and Miller",CL 026,190 Bradley Mill Suite 940,Craigbury,MO,18832,hansonpatrick@hunt.com,Dr. David Glass Jr.,Seniors,60+,AU006,Japan,LO005,83224.0,5983.0,3018.0,37.0,27489.28,44003.6,Melissa Haynes,EX008
C849,2023-09-01,2023-09-28,Instagram,CH004,Sales,CT002,Wade PLC,CL 041,3571 Harvey Centers,Ronaldfurt,NY,35589-6805,nhall@hotmail.com,Lacey Crane,Male,40-60,AU003,Canada,LO003,53328.0,6870.0,1936.0,626.0,28740.01,68718.19,Lauren Riggs,EX001
C850,2023-12-23,2024-01-02,Facebook,CH005,Sales,CT002,"Ruiz, Cox and Meyer",CL 071,5058 Frank Locks,Blackmouth,MI,7896,vjohnson@yahoo.com,Anne Davis,Adults,18-40,AU001,LATAM,LO002,35351.0,2491.0,4985.0,408.0,545.23,76602.83,Aaron Faulkner,EX009
C851,2023-09-17,2023-09-24,YouTube,CH001,Sales,CT002,Jackson Inc,CL 015,96299 Miller Spur,Jensenfurt,CA,97794-3156,jeremy09@yahoo.com,Karen Rivers,Male,40-60,AU003,Canada,LO003,7988.0,5931.0,2193.0,890.0,29478.89,45110.49,Thomas Ryan,EX003
C852,2023-10-25,2023-10-30,Facebook,CH005,Sales,CT002,"Green, Lloyd and Ball",CL 047,30284 Villarreal Passage Apt. 698,Brownshire,NV,89609-0041,wrightlucas@yahoo.com,Shelly Stafford,Male,40-60,AU003,Japan,LO005,7871.0,4995.0,4860.0,256.0,30041.8,36019.39,Jesus Rivera,EX004
C853,2023-06-01,2023-06-11,YouTube,CH001,Sales,CT002,Williams PLC,CL 062,911 Thomas Manors,Longchester,ID,62649-9748,sanchezangela@butler.com,Reginald Lee,Male,40-60,AU003,UK,LO006,88315.0,5992.0,3201.0,209.0,8499.97,34457.04,Michael Camacho,EX007
C854,2023-06-29,2023-07-07,TikTok,CH003,Sales,CT002,Edwards LLC,CL 043,123 Amanda Summit,Lake Marietown,IL,81773-5493,tinamckay@sharp-smith.com,Matthew Davis,Male,40-60,AU003,Australia,LO007,25730.0,7724.0,1232.0,831.0,2563.07,41549.86,Melissa Haynes,EX008
C855,2023-11-16,2023-12-12,TikTok,CH003,Sign Up,CT001,Jimenez and Sons,CL 048,8451 Walter Fords Apt. 737,South Danielchester,CT,12719-1372,amartinez@oconnell.com,Justin Cole,Male,60+,AU005,UK,LO006,22881.0,3125.0,2829.0,311.0,44007.76,0.0,Jesus Rivera,EX004
C856,2023-04-28,2023-05-11,TikTok,CH003,Sales,CT002,"Fox, Carter and Cunningham",CL 033,99919 Michelle Green Apt. 424,West Hannah,KY,63482-6699,bradymcclain@hotmail.com,Andre Manning,Seniors,60+,AU006,Canada,LO003,11247.0,6633.0,2831.0,961.0,29448.34,23153.0,Brandon Townsend Jr.,EX002
C857,2023-02-23,2023-03-12,Instagram,CH004,Sales,CT002,Ramirez-Wilson,CL 011,6802 Scott Ways,Jasonbury,NM,94299-7873,robertellis@simpson-gutierrez.com,Christine Nguyen,Adults,18-40,AU001,LATAM,LO002,63398.0,5775.0,4259.0,384.0,15145.96,46583.27,Becky Brown,EX006
C858,2023-05-17,2023-05-26,Facebook,CH005,Sales,CT002,White Ltd,CL 005,172 Angela Crescent Apt. 306,North Laura,HI,69094-7497,jeremy56@gmail.com,Nathan Weber,Male,40-60,AU003,Japan,LO005,29618.0,6602.0,1133.0,849.0,40858.02,28709.9,Jesus Rivera,EX004
C859,2023-10-19,2023-11-08,Email,CH002,Sales,CT002,"Morris, Johnson and Anderson",CL 021,065 John Street,West Adamchester,NV,72944-3914,johnsondonald@meyer.com,Sandy Mathis,Male,60+,AU005,Europe,LO004,19813.0,9435.0,3068.0,357.0,9185.31,99293.51,Kyle Serrano,EX010
C860,2023-07-15,2023-07-21,Instagram,CH004,Sign Up,CT001,"Bush, Mendez and Smith",CL 028,791 Darryl Squares Suite 934,Holdenport,OH,41129-2197,churchtimothy@yahoo.com,Patrick Williams,Male,18-40,AU009,Japan,LO005,34773.0,1920.0,2085.0,685.0,920.53,0.0,Brandon Townsend Jr.,EX002
C861,2023-05-16,2023-05-23,Instagram,CH004,Sales,CT002,Thomas-Proctor,CL 031,820 Butler Streets Suite 875,North Denisehaven,WV,66736-0964,brownmario@leonard.com,Angela Moore,Male,60+,AU005,Japan,LO005,95846.0,8079.0,3964.0,993.0,35891.28,23153.0,Wesley Simon,EX005
C862,2023-03-24,2023-04-20,Facebook,CH005,Sales,CT002,"Brown, Lawrence and Collins",CL 054,069 Jeffrey Neck,North Jeffreyberg,VI,70669-3291,tracyfields@evans.com,Thomas Fleming,Teens,13-19,AU008,UK,LO006,68076.0,2605.0,1694.0,870.0,6964.98,41561.29,Michael Camacho,EX007
C863,2023-06-16,2023-07-04,TikTok,CH003,Sales,CT002,Harmon Inc,CL 075,3532 Carla Spurs Suite 631,East Susanside,VA,63110-6508,steven77@miller.com,Heidi Black,Female,18-40,AU004,UK,LO006,30439.0,5578.0,3592.0,181.0,6429.05,41558.78,Kyle Serrano,EX010
C864,2023-05-30,2023-06-27,YouTube,CH001,Sales,CT002,Smith-Bailey,CL 012,055 Rebecca Ramp,Edwardsland,WY,72139-7625,bakerpaul@holland.com,Sharon Reeves,Seniors,60+,AU006,LATAM,LO002,38314.0,6965.0,1277.0,198.0,14869.2,67164.85,Michael Camacho,EX007
C865,2023-03-21,2023-04-10,TikTok,CH003,Sales,CT002,Vaughan Group,CL 051,PSC 0937,Box 0339,APO AP,AP 98521,baldwinhailey@klein-fitzgerald.com,Ashley Carter,Adults,18-40,AU001,USA,LO001,96951.0,1554.0,3285.0,549.0,20361.86,79249.75,Jesus Rivera,EX004
C866,2023-11-13,2023-12-07,YouTube,CH001,Sales,CT002,"Brown, Lawrence and Collins",CL 054,069 Jeffrey Neck,North Jeffreyberg,VI,70669-3291,tracyfields@evans.com,Thomas Fleming,Teens,13-19,AU008,India,LO008,64324.0,3582.0,3319.0,351.0,5968.48,38681.43,Michael Camacho,EX007
C867,2023-10-12,2023-10-28,YouTube,CH001,Sales,CT002,Walter Ltd,CL 017,591 Gallegos Shore,East Jennifer,VT,67675,gravessusan@gonzalez.com,Sarah Warren,Male,60+,AU005,UK,LO006,42702.0,4498.0,3455.0,648.0,44258.99,50185.59,Aaron Faulkner,EX009
C868,2023-09-08,2023-09-18,Instagram,CH004,Sales,CT002,Lewis PLC,CL 013,621 Woodard Manors Apt. 208,Port Amy,ME,05157-2612,beth20@gmail.com,Diana Love,Adults,40-60,AU007,LATAM,LO002,39144.0,1049.0,3287.0,887.0,21190.99,64781.67,Thomas Ryan,EX003
C869,2023-05-09,2023-05-19,Email,CH002,Sales,CT002,Griffin Inc,CL 065,Unit 3822 Box 8338,DPO AE 21031-0227,,,dixonamber@hotmail.com,Theodore Murphy,Female,40-60,AU010,India,LO008,13836.0,7220.0,814.0,858.0,32857.64,83041.81,Brandon Townsend Jr.,EX002
C870,2023-03-26,2023-04-09,TikTok,CH003,Sign Up,CT001,"Ruiz, Cox and Meyer",CL 071,5058 Frank Locks,Blackmouth,MI,7896,vjohnson@yahoo.com,Anne Davis,Female,60+,AU002,Europe,LO004,3417.0,3052.0,4780.0,327.0,36436.56,0.0,Aaron Faulkner,EX009
C871,2023-03-12,2023-04-02,Instagram,CH004,Sales,CT002,Roberts-Brown,CL 019,725 Peter Lights Apt. 639,South Janet,WV,83873-6339,nguyendustin@gmail.com,Samantha Hudson,Female,18-40,AU004,UK,LO006,15825.0,1326.0,1537.0,604.0,24421.87,67099.86,Thomas Ryan,EX003
C872,2023-09-06,2023-09-13,Email,CH002,Sales,CT002,Schneider PLC,CL 014,872 Davila Ville Apt. 985,Millerland,GA,42888,beasleycraig@yahoo.com,Stephen Murphy,Adults,40-60,AU007,LATAM,LO002,46222.0,4996.0,1993.0,168.0,33386.46,57473.35,Lauren Riggs,EX001
C873,2023-07-04,2023-07-28,Instagram,CH004,Sales,CT002,"Bush, Mendez and Smith",CL 028,791 Darryl Squares Suite 934,Holdenport,OH,41129-2197,churchtimothy@yahoo.com,Patrick Williams,Male,60+,AU005,Australia,LO007,20426.0,6422.0,4266.0,364.0,783.24,80667.14,Brandon Townsend Jr.,EX002
C874,2023-07-14,2023-07-17,YouTube,CH001,Sales,CT002,Cooper-Alexander,CL 039,01438 Kristin Fords Apt. 626,Port Paula,WA,20979-6415,gchavez@yang.com,Alexandria Hansen,Adults,18-40,AU001,Japan,LO005,67984.0,5312.0,3298.0,476.0,5383.47,53956.84,Thomas Ryan,EX003
C875,2023-01-28,2023-02-16,YouTube,CH001,Sign Up,CT001,Benjamin and Sons,CL 068,861 Knox Cape Apt. 731,Lake John,CA,62474,lrice@yahoo.com,Derek Juarez,Adults,40-60,AU007,UK,LO006,53100.0,3293.0,4804.0,895.0,32849.93,0.0,Thomas Ryan,EX003
C876,2023-07-07,2023-07-22,TikTok,CH003,Sign Up,CT001,Griffin Inc,CL 065,Unit 3822 Box 8338,DPO AE 21031-0227,,,dixonamber@hotmail.com,Theodore Murphy,Female,60+,AU002,Australia,LO007,58038.0,9097.0,736.0,365.0,17184.09,0.0,Brandon Townsend Jr.,EX002
C877,2023-09-23,2023-10-14,TikTok,CH003,Sales,CT002,Weaver-Hoover,CL 007,050 Andrews Green,North Renee,VT,22014-1131,jacqueline32@dominguez.biz,Kathy Mahoney,Female,40-60,AU010,UK,LO006,72078.0,3367.0,4343.0,165.0,19531.06,54070.74,Brandon Townsend Jr.,EX002
C878,2023-07-30,2023-08-02,Instagram,CH004,Sales,CT002,Hughes-Sullivan,CL 076,5874 Guerra Courts Suite 368,South Codyhaven,OR,93465,williamsnathaniel@yahoo.com,Roy Obrien,Female,60+,AU002,LATAM,LO002,58030.0,5475.0,4502.0,693.0,19558.42,73081.05,Brandon Townsend Jr.,EX002
C879,2023-05-21,2023-06-14,TikTok,CH003,Sales,CT002,"Salinas, Rodriguez and Bowman",CL 074,04604 Davidson Underpass Apt. 439,Lake Tiffany,DC,35416,gutierrezjames@yahoo.com,Laura Caldwell,Female,60+,AU002,Australia,LO007,66822.0,8635.0,1873.0,855.0,14368.25,44217.92,Thomas Ryan,EX003
C880,2023-06-12,2023-07-03,TikTok,CH003,Sales,CT002,"Hernandez, Keller and Berry",CL 072,Unit 2637 Box 1240,DPO AE 48178,,,mary90@yahoo.com,Kristin Carson,Adults,18-40,AU001,USA,LO001,28429.0,8108.0,3085.0,274.0,9366.41,69933.44,Thomas Ryan,EX003
C881,2023-08-05,2023-08-26,YouTube,CH001,Sales,CT002,Weaver-Hoover,CL 007,050 Andrews Green,North Renee,VT,22014-1131,jacqueline32@dominguez.biz,Kathy Mahoney,Male,60+,AU005,UK,LO006,79102.0,9894.0,4935.0,763.0,5428.55,23153.0,Brandon Townsend Jr.,EX002
C882,2023-08-25,2023-09-08,Email,CH002,Sign Up,CT001,"Ramos, Gomez and Garcia",CL 056,PSC 8675,Box 2798,APO AA,AA 82949-7770,huntdavid@orr.info,Eric Harrison,Male,60+,AU005,USA,LO001,10819.0,4107.0,3279.0,239.0,30317.95,0.0,Kyle Serrano,EX010
C883,2023-08-01,2023-08-05,TikTok,CH003,Sales,CT002,"Holmes, Johnson and Rodriguez",CL 025,USCGC Erickson,FPO AE 00735-4383,,,polsen@alexander-smith.net,Anne Foley,Teens,13-19,AU008,USA,LO001,45731.0,5951.0,3968.0,80.0,21554.45,55137.33,Wesley Simon,EX005
C884,2023-07-05,2023-07-12,Email,CH002,Sales,CT002,"Bradley, Jackson and Miller",CL 026,190 Bradley Mill Suite 940,Craigbury,MO,18832,hansonpatrick@hunt.com,Dr. David Glass Jr.,Female,60+,AU002,Japan,LO005,47445.0,1374.0,3730.0,650.0,40323.09,59526.14,Melissa Haynes,EX008
C885,2023-12-29,2023-12-30,Email,CH002,Sales,CT002,Williams PLC,CL 062,911 Thomas Manors,Longchester,ID,62649-9748,sanchezangela@butler.com,Reginald Lee,Male,60+,AU005,LATAM,LO002,13655.0,6713.0,394.0,495.0,10233.14,50802.89,Michael Camacho,EX007
C886,2023-06-25,2023-07-15,Facebook,CH005,Sign Up,CT001,Benjamin and Sons,CL 068,861 Knox Cape Apt. 731,Lake John,CA,62474,lrice@yahoo.com,Derek Juarez,Teens,13-19,AU008,LATAM,LO002,34530.0,2555.0,2006.0,873.0,18940.19,0.0,Thomas Ryan,EX003
C887,2023-07-21,2023-07-26,Instagram,CH004,Sales,CT002,Griffin LLC,CL 078,4454 Tanya Bridge Apt. 797,East Johnmouth,AR,45759,carlos94@ware.org,Karen Mitchell,Female,18-40,AU004,Japan,LO005,48243.0,9730.0,1972.0,180.0,7385.81,87925.21,Brandon Townsend Jr.,EX002
C888,2023-08-24,2023-09-22,YouTube,CH001,Sign Up,CT001,Lyons PLC,CL 022,20804 Burgess Trace,Petersenburgh,WV,31082,nicholastaylor@yahoo.com,Sharon Crawford,Adults,18-40,AU001,LATAM,LO002,11321.0,6508.0,4118.0,575.0,35826.23,0.0,Lauren Riggs,EX001
C889,2023-04-08,2023-04-26,Instagram,CH004,Sign Up,CT001,Fisher-Johnston,CL 063,36491 Jennifer Park Suite 248,East David,PA,71082-4715,rellis@lindsey.com,Timothy Hernandez,Female,18-40,AU004,Japan,LO005,98711.0,4948.0,2859.0,979.0,3419.71,0.0,Jesus Rivera,EX004
C890,2023-04-24,2023-05-22,Facebook,CH005,Sign Up,CT001,Herrera-Cook,CL 040,0613 David Haven Apt. 354,North Samantha,MI,10699-1384,ijordan@gmail.com,Madison York,Female,18-40,AU004,India,LO008,87693.0,3881.0,1477.0,190.0,8565.87,0.0,Wesley Simon,EX005
C891,2023-05-25,2023-06-19,YouTube,CH001,Sales,CT002,Mcbride-Finley,CL 029,438 Brent Roads Apt. 855,Tylerburgh,NY,69473,mcclainhannah@jensen-gilbert.com,Michael Freeman,Male,40-60,AU003,Canada,LO003,99908.0,4829.0,2440.0,24.0,3711.84,32775.39,Jesus Rivera,EX004
C892,2023-01-21,2023-01-22,Email,CH002,Sales,CT002,Lyons PLC,CL 022,20804 Burgess Trace,Petersenburgh,WV,31082,nicholastaylor@yahoo.com,Sharon Crawford,Female,18-40,AU004,LATAM,LO002,31471.0,6171.0,3626.0,170.0,28438.21,104416.17,Lauren Riggs,EX001
C893,2023-12-20,2023-12-28,TikTok,CH003,Sales,CT002,Daniels Group,CL 049,567 Jill Motorway,Sarabury,GU,20455-6244,michael10@gmail.com,Annette Rice,Male,40-60,AU003,LATAM,LO002,64605.0,6850.0,2932.0,728.0,13945.34,61763.17,Wesley Simon,EX005
C894,2023-09-01,2023-09-16,TikTok,CH003,Sales,CT002,Green-Blake,CL 050,230 Brandon Bypass Apt. 679,New Melissa,TN,37505-3043,karenpayne@yahoo.com,Dustin Ramirez,Male,60+,AU005,Australia,LO007,61386.0,7906.0,3847.0,273.0,18565.63,64645.6,Jesus Rivera,EX004
C895,2023-08-22,2023-08-30,TikTok,CH003,Sales,CT002,Riley PLC,CL 018,699 Anderson Glen,Parkerside,AZ,15616-1374,jennifer09@york.org,Gary Reed,Male,60+,AU005,India,LO008,82581.0,2304.0,2089.0,745.0,1649.05,40530.72,Kyle Serrano,EX010
C896,2023-05-06,2023-05-09,YouTube,CH001,Sign Up,CT001,Anderson Inc,CL 034,Unit 0015 Box 7678,DPO AE 55030-2816,,,jgomez@gmail.com,Morgan Gross,Seniors,60+,AU006,UK,LO006,85993.0,232.0,2309.0,895.0,32265.7,0.0,Thomas Ryan,EX003
C897,2023-03-14,2023-03-20,Facebook,CH005,Sales,CT002,Hernandez Inc,CL 052,9452 Amber Mills,Lopezville,NV,94038-0838,uhansen@livingston.com,Traci Holden,Male,60+,AU005,USA,LO001,99295.0,491.0,1315.0,917.0,12139.87,63267.89,Melissa Haynes,EX008
C898,2023-10-18,2023-11-12,Facebook,CH005,Sales,CT002,"Arnold, Smith and Ward",CL 058,Unit 2316 Box 4709,DPO AA 90463-5066,,,michelle93@pineda-small.com,Karen Bryan,Teens,13-19,AU008,UK,LO006,11108.0,9485.0,2569.0,790.0,27413.34,49228.84,Jesus Rivera,EX004
C899,2023-08-01,2023-08-29,Email,CH002,Sales,CT002,"Holloway, Cox and Ford",CL 046,7800 Dorsey Tunnel Suite 734,West Tracy,UT,56027,joseph49@hodges-campbell.com,Dennis Carr,Male,18-40,AU009,Australia,LO007,32579.0,207.0,4698.0,583.0,26822.0,90083.81,Brandon Townsend Jr.,EX002
C900,2023-07-31,2023-08-09,YouTube,CH001,Sales,CT002,Herrera-Cook,CL 040,0613 David Haven Apt. 354,North Samantha,MI,10699-1384,ijordan@gmail.com,Madison York,Female,40-60,AU010,India,LO008,49560.0,5896.0,887.0,811.0,38240.99,27802.95,Wesley Simon,EX005
C901,2023-06-15,2023-07-14,Email,CH002,Sales,CT002,Reyes-Rios,CL 030,49937 Christopher Unions,Gutierrezmouth,MI,13751-5785,cunninghamjerry@gmail.com,Eric Davis,Teens,13-19,AU008,Europe,LO004,49395.0,6363.0,4971.0,87.0,18720.01,38771.13,Wesley Simon,EX005
C902,2023-04-20,2023-05-02,Facebook,CH005,Sales,CT002,Jackson Inc,CL 015,96299 Miller Spur,Jensenfurt,CA,97794-3156,jeremy09@yahoo.com,Karen Rivers,Female,18-40,AU004,Japan,LO005,83252.0,2931.0,3408.0,935.0,43433.48,51009.16,Thomas Ryan,EX003
C903,2023-10-22,2023-11-09,Instagram,CH004,Sales,CT002,Lewis-Martinez,CL 067,37059 Bates Prairie Suite 432,Port Robertmouth,MN,28374,joshua06@king.com,Angela Anderson,Adults,18-40,AU001,UK,LO006,98338.0,3032.0,4430.0,478.0,49431.99,27064.56,Aaron Faulkner,EX009
C904,2023-12-01,2023-12-20,Instagram,CH004,Sales,CT002,Benjamin and Sons,CL 068,861 Knox Cape Apt. 731,Lake John,CA,62474,lrice@yahoo.com,Derek Juarez,Seniors,60+,AU006,Australia,LO007,79087.0,9410.0,3711.0,784.0,44405.17,64762.07,Thomas Ryan,EX003
C905,2023-06-08,2023-06-25,TikTok,CH003,Sales,CT002,Salinas-Chavez,CL 003,53637 Bonnie Walk Suite 961,South Adrianaport,IA,49560,richard84@hotmail.com,Chelsea Hoffman,Male,18-40,AU009,Australia,LO007,73150.0,6434.0,1357.0,729.0,30193.97,68995.26,Thomas Ryan,EX003
C906,2023-06-23,2023-07-05,YouTube,CH001,Sign Up,CT001,Phillips-Lewis,CL 057,152 Munoz Spur,Richardbury,NE,64820-6682,ssullivan@yahoo.com,April Williams,Seniors,60+,AU006,LATAM,LO002,15167.0,7175.0,489.0,54.0,36831.83,0.0,Aaron Faulkner,EX009
C907,2023-10-14,2023-10-26,Email,CH002,Sales,CT002,"Reed, Galloway and Buck",CL 010,49317 Vincent Vista Suite 462,Port Nathan,CA,23364-0905,larrygraham@lucas.com,Andrea Simmons,Female,60+,AU002,Europe,LO004,5803.0,1394.0,297.0,876.0,3238.03,44368.01,Wesley Simon,EX005
C908,2023-04-03,2023-04-16,YouTube,CH001,Sales,CT002,"Green, Lloyd and Ball",CL 047,30284 Villarreal Passage Apt. 698,Brownshire,NV,89609-0041,wrightlucas@yahoo.com,Shelly Stafford,Seniors,60+,AU006,Japan,LO005,8828.0,5412.0,3290.0,375.0,21718.37,60181.64,Jesus Rivera,EX004
C909,2023-08-20,2023-09-03,Instagram,CH004,Sales,CT002,Thomas-Proctor,CL 031,820 Butler Streets Suite 875,North Denisehaven,WV,66736-0964,brownmario@leonard.com,Angela Moore,Male,18-40,AU009,Canada,LO003,9151.0,920.0,3546.0,736.0,18091.29,60855.35,Wesley Simon,EX005
C910,2023-11-29,2023-12-11,TikTok,CH003,Sales,CT002,Lyons PLC,CL 022,20804 Burgess Trace,Petersenburgh,WV,31082,nicholastaylor@yahoo.com,Sharon Crawford,Female,40-60,AU010,Europe,LO004,72769.0,3990.0,1402.0,916.0,14490.02,49469.32,Lauren Riggs,EX001
C911,2023-07-07,2023-07-16,YouTube,CH001,Sign Up,CT001,Hughes-Sullivan,CL 076,5874 Guerra Courts Suite 368,South Codyhaven,OR,93465,williamsnathaniel@yahoo.com,Roy Obrien,Female,18-40,AU004,India,LO008,86655.0,3443.0,2434.0,154.0,12488.28,0.0,Brandon Townsend Jr.,EX002
C912,2023-04-29,2023-04-30,YouTube,CH001,Sales,CT002,Fisher Group,CL 023,880 Watson Ramp Suite 059,Reynoldsfurt,GU,10725,brian57@hotmail.com,Jeremy Baker,Female,60+,AU002,USA,LO001,14965.0,3343.0,2790.0,312.0,10380.61,53401.96,Melissa Haynes,EX008
C913,2023-04-11,2023-05-03,Email,CH002,Sign Up,CT001,"Holmes, Johnson and Rodriguez",CL 025,USCGC Erickson,FPO AE 00735-4383,,,polsen@alexander-smith.net,Anne Foley,Male,60+,AU005,Canada,LO003,68650.0,2922.0,287.0,763.0,26723.68,0.0,Wesley Simon,EX005
C914,2023-01-09,2023-02-04,Instagram,CH004,Sign Up,CT001,Salinas-Chavez,CL 003,53637 Bonnie Walk Suite 961,South Adrianaport,IA,49560,richard84@hotmail.com,Chelsea Hoffman,Male,18-40,AU009,USA,LO001,10267.0,7971.0,435.0,888.0,25670.14,0.0,Thomas Ryan,EX003
C915,2023-11-11,2023-12-02,TikTok,CH003,Sales,CT002,Smith-Bailey,CL 012,055 Rebecca Ramp,Edwardsland,WY,72139-7625,bakerpaul@holland.com,Sharon Reeves,Male,40-60,AU003,Canada,LO003,79611.0,679.0,2666.0,727.0,18101.96,66061.48,Michael Camacho,EX007
C916,2023-03-06,2023-04-04,Facebook,CH005,Sales,CT002,"Parker, Velasquez and Dixon",CL 036,33302 Fuller Lakes,West Christopher,MH,17095,hutchinsonmary@gmail.com,Brian George,Seniors,60+,AU006,Australia,LO007,17441.0,6497.0,1447.0,912.0,45639.17,36077.49,Aaron Faulkner,EX009
C917,2023-11-24,2023-12-21,YouTube,CH001,Sales,CT002,Jimenez and Sons,CL 048,8451 Walter Fords Apt. 737,South Danielchester,CT,12719-1372,amartinez@oconnell.com,Justin Cole,Adults,18-40,AU001,Europe,LO004,1492.0,2422.0,748.0,262.0,17121.64,35626.81,Jesus Rivera,EX004
C918,2023-01-28,2023-02-01,YouTube,CH001,Sales,CT002,"Miller, Bryant and Burnett",CL 037,1044 Kennedy Prairie Apt. 186,Jamiemouth,NE,12690-6573,bjohnson@martin-williams.com,Christopher Clark,Adults,18-40,AU001,USA,LO001,22246.0,8660.0,1402.0,868.0,17474.95,62969.54,Aaron Faulkner,EX009
C919,2023-05-31,2023-06-25,TikTok,CH003,Sales,CT002,Cooper-Alexander,CL 039,01438 Kristin Fords Apt. 626,Port Paula,WA,20979-6415,gchavez@yang.com,Alexandria Hansen,Female,18-40,AU004,Europe,LO004,15424.0,3611.0,3702.0,833.0,28931.2,39573.42,Thomas Ryan,EX003
C920,2023-04-28,2023-05-24,YouTube,CH001,Sales,CT002,Melton-Smith,CL 045,03793 Jacobs Branch,West Max,MA,54633-3659,mercertimothy@huff.com,Patrick Abbott,Male,40-60,AU003,LATAM,LO002,21310.0,2902.0,1162.0,286.0,25395.96,47891.5,Lauren Riggs,EX001
C921,2023-04-29,2023-05-07,TikTok,CH003,Sales,CT002,Jones LLC,CL 035,89103 Jennings Cape Suite 740,South Dianafort,FL,68504,norrisjames@pearson-burton.biz,Danielle Hernandez,Female,18-40,AU004,LATAM,LO002,12304.0,382.0,3861.0,942.0,46043.21,27967.4,Aaron Faulkner,EX009
C922,2023-10-18,2023-11-17,YouTube,CH001,Sales,CT002,"Green, Lloyd and Ball",CL 047,30284 Villarreal Passage Apt. 698,Brownshire,NV,89609-0041,wrightlucas@yahoo.com,Shelly Stafford,Adults,40-60,AU007,Europe,LO004,21305.0,7060.0,3344.0,463.0,47082.47,30062.89,Jesus Rivera,EX004
C923,2023-06-08,2023-06-14,YouTube,CH001,Sign Up,CT001,"Ruiz, Cox and Meyer",CL 071,5058 Frank Locks,Blackmouth,MI,7896,vjohnson@yahoo.com,Anne Davis,Teens,13-19,AU008,India,LO008,7460.0,6726.0,4502.0,18.0,25819.03,0.0,Aaron Faulkner,EX009
C924,2023-12-01,2023-12-07,Facebook,CH005,Sales,CT002,"Miller, Bryant and Burnett",CL 037,1044 Kennedy Prairie Apt. 186,Jamiemouth,NE,12690-6573,bjohnson@martin-williams.com,Christopher Clark,Male,60+,AU005,India,LO008,96143.0,8753.0,635.0,85.0,11740.08,38973.63,Aaron Faulkner,EX009
C925,2023-07-30,2023-08-20,TikTok,CH003,Sales,CT002,Fisher Group,CL 023,880 Watson Ramp Suite 059,Reynoldsfurt,GU,10725,brian57@hotmail.com,Jeremy Baker,Male,60+,AU005,UK,LO006,64022.0,2222.0,2307.0,290.0,1139.85,66743.33,Melissa Haynes,EX008
C926,2023-08-09,2023-08-26,Email,CH002,Sign Up,CT001,Jackson Inc,CL 015,96299 Miller Spur,Jensenfurt,CA,97794-3156,jeremy09@yahoo.com,Karen Rivers,Male,60+,AU005,Japan,LO005,94840.0,9554.0,2381.0,992.0,6864.56,0.0,Thomas Ryan,EX003
C927,2023-01-13,2023-02-01,Facebook,CH005,Sign Up,CT001,"Ruiz, Cox and Meyer",CL 071,5058 Frank Locks,Blackmouth,MI,7896,vjohnson@yahoo.com,Anne Davis,Teens,13-19,AU008,Canada,LO003,83355.0,5049.0,379.0,551.0,49051.91,0.0,Aaron Faulkner,EX009
C928,2023-02-25,2023-03-17,Email,CH002,Sales,CT002,Mitchell-Rojas,CL 064,Unit 7421 Box 5134,DPO AE 60814,,,johnathan43@hotmail.com,Benjamin Anthony,Female,18-40,AU004,UK,LO006,16431.0,144.0,3622.0,790.0,18681.52,80197.7,Thomas Ryan,EX003
C929,2023-09-07,2023-09-08,Facebook,CH005,Sales,CT002,Lyons PLC,CL 022,20804 Burgess Trace,Petersenburgh,WV,31082,nicholastaylor@yahoo.com,Sharon Crawford,Male,60+,AU005,Australia,LO007,48592.0,6178.0,4991.0,967.0,10597.64,70526.35,Lauren Riggs,EX001
C930,2023-08-23,2023-08-29,Email,CH002,Sales,CT002,"Wheeler, Garcia and Johnson",CL 053,160 Juarez Burgs,Lynchstad,NC,54104,zhanna@knox.com,Bradley Schroeder,Male,60+,AU005,India,LO008,72958.0,7143.0,829.0,666.0,34655.45,64864.98,Aaron Faulkner,EX009
C931,2023-11-03,2023-11-22,Facebook,CH005,Sales,CT002,Daniels Group,CL 049,567 Jill Motorway,Sarabury,GU,20455-6244,michael10@gmail.com,Annette Rice,Teens,13-19,AU008,Europe,LO004,17168.0,379.0,3330.0,232.0,45855.64,42597.03,Wesley Simon,EX005
C932,2023-09-12,2023-09-30,Email,CH002,Sign Up,CT001,Green-Blake,CL 050,230 Brandon Bypass Apt. 679,New Melissa,TN,37505-3043,karenpayne@yahoo.com,Dustin Ramirez,Female,18-40,AU004,USA,LO001,57605.0,9498.0,891.0,173.0,15561.26,0.0,Jesus Rivera,EX004
C933,2023-02-03,2023-03-03,Facebook,CH005,Sales,CT002,Melton-Smith,CL 045,03793 Jacobs Branch,West Max,MA,54633-3659,mercertimothy@huff.com,Patrick Abbott,Teens,13-19,AU008,Europe,LO004,66006.0,7526.0,3944.0,257.0,32827.86,49040.48,Lauren Riggs,EX001
C934,2023-05-25,2023-06-04,Facebook,CH005,Sales,CT002,Griffin LLC,CL 078,4454 Tanya Bridge Apt. 797,East Johnmouth,AR,45759,carlos94@ware.org,Karen Mitchell,Teens,13-19,AU008,Canada,LO003,97457.0,7570.0,4224.0,312.0,28354.24,47569.36,Brandon Townsend Jr.,EX002
C935,2023-01-10,2023-01-30,Instagram,CH004,Sign Up,CT001,Hughes-Sullivan,CL 076,5874 Guerra Courts Suite 368,South Codyhaven,OR,93465,williamsnathaniel@yahoo.com,Roy Obrien,Male,40-60,AU003,USA,LO001,35664.0,4713.0,4194.0,455.0,29372.0,0.0,Brandon Townsend Jr.,EX002
C936,2023-07-21,2023-08-10,Facebook,CH005,Sales,CT002,Hernandez Inc,CL 052,9452 Amber Mills,Lopezville,NV,94038-0838,uhansen@livingston.com,Traci Holden,Adults,18-40,AU001,LATAM,LO002,94567.0,8350.0,4647.0,659.0,851.51,66152.46,Melissa Haynes,EX008
C937,2023-04-11,2023-04-21,Facebook,CH005,Sales,CT002,Lewis PLC,CL 013,621 Woodard Manors Apt. 208,Port Amy,ME,05157-2612,beth20@gmail.com,Diana Love,Female,18-40,AU004,Australia,LO007,35674.0,4286.0,2433.0,770.0,37847.75,52057.22,Thomas Ryan,EX003
C938,2023-11-13,2023-12-04,YouTube,CH001,Sales,CT002,"Hernandez, Keller and Berry",CL 072,Unit 2637 Box 1240,DPO AE 48178,,,mary90@yahoo.com,Kristin Carson,Seniors,60+,AU006,Japan,LO005,26656.0,4454.0,2849.0,154.0,46212.74,38216.08,Thomas Ryan,EX003
C939,2023-09-30,2023-10-06,TikTok,CH003,Sales,CT002,Nunez-Bowers,CL 020,6821 Walker Via Suite 228,Lake Jessica,NE,05036-1909,michelle44@yahoo.com,James Woods,Male,40-60,AU003,Japan,LO005,3027.0,4296.0,1208.0,490.0,7069.91,79914.35,Wesley Simon,EX005
C940,2023-10-07,2023-10-27,Instagram,CH004,Sign Up,CT001,Nunez-Bowers,CL 020,6821 Walker Via Suite 228,Lake Jessica,NE,05036-1909,michelle44@yahoo.com,James Woods,Adults,40-60,AU007,UK,LO006,65053.0,7312.0,3322.0,755.0,20871.8,0.0,Wesley Simon,EX005
C941,2023-03-29,2023-04-08,Facebook,CH005,Sales,CT002,Melton-Smith,CL 045,03793 Jacobs Branch,West Max,MA,54633-3659,mercertimothy@huff.com,Patrick Abbott,Male,60+,AU005,UK,LO006,45035.0,7567.0,2196.0,301.0,11336.62,80551.15,Lauren Riggs,EX001
C942,2023-06-27,2023-07-14,Email,CH002,Sales,CT002,Pearson-Shah,CL 077,5117 Suzanne Branch,Barnesmouth,VA,53846,anthony54@perez.com,Shannon Martinez,Male,18-40,AU009,LATAM,LO002,6918.0,3926.0,1512.0,908.0,35453.77,67990.4,Jesus Rivera,EX004
C943,2023-03-06,2023-03-10,Instagram,CH004,Sales,CT002,Phillips-Lewis,CL 057,152 Munoz Spur,Richardbury,NE,64820-6682,ssullivan@yahoo.com,April Williams,Female,40-60,AU010,Europe,LO004,5274.0,8460.0,4213.0,126.0,12258.93,43492.7,Aaron Faulkner,EX009
C944,2023-04-07,2023-04-20,Email,CH002,Sales,CT002,Jones LLC,CL 035,89103 Jennings Cape Suite 740,South Dianafort,FL,68504,norrisjames@pearson-burton.biz,Danielle Hernandez,Male,60+,AU005,UK,LO006,98871.0,4403.0,4189.0,323.0,21532.88,55572.6,Aaron Faulkner,EX009
C945,2023-06-03,2023-06-23,YouTube,CH001,Sales,CT002,"Jones, Miranda and Martin",CL 055,45011 Marc Roads Apt. 548,Johnsonbury,NJ,40892,kristenhoward@yahoo.com,Christine Barnes,Male,60+,AU005,LATAM,LO002,74532.0,5236.0,3733.0,285.0,6899.45,33314.1,Thomas Ryan,EX003
C946,2023-12-06,2023-12-13,Email,CH002,Sales,CT002,"Bradley, Jackson and Miller",CL 026,190 Bradley Mill Suite 940,Craigbury,MO,18832,hansonpatrick@hunt.com,Dr. David Glass Jr.,Adults,40-60,AU007,UK,LO006,16341.0,9915.0,4214.0,245.0,40978.28,45271.76,Melissa Haynes,EX008
C947,2023-11-22,2023-11-27,TikTok,CH003,Sign Up,CT001,Cooper-Alexander,CL 039,01438 Kristin Fords Apt. 626,Port Paula,WA,20979-6415,gchavez@yang.com,Alexandria Hansen,Female,18-40,AU004,India,LO008,70723.0,1670.0,1274.0,760.0,1634.45,0.0,Thomas Ryan,EX003
C948,2023-08-16,2023-09-12,TikTok,CH003,Sales,CT002,Walter Ltd,CL 017,591 Gallegos Shore,East Jennifer,VT,67675,gravessusan@gonzalez.com,Sarah Warren,Seniors,60+,AU006,USA,LO001,64649.0,1630.0,1943.0,499.0,21305.45,59837.87,Aaron Faulkner,EX009
C949,2023-02-04,2023-02-28,Email,CH002,Sign Up,CT001,Anderson Inc,CL 034,Unit 0015 Box 7678,DPO AE 55030-2816,,,jgomez@gmail.com,Morgan Gross,Female,40-60,AU010,Canada,LO003,10012.0,1048.0,4948.0,596.0,49418.29,0.0,Thomas Ryan,EX003
C950,2023-11-16,2023-11-22,Email,CH002,Sales,CT002,Edwards-Hoover,CL 069,86879 Carol Cove,North Evanton,MT,25565,bryantmichelle@rocha.com,Erika Owens,Male,60+,AU005,UK,LO006,21453.0,4459.0,2844.0,669.0,13603.08,38639.61,Melissa Haynes,EX008
C951,2023-04-13,2023-04-29,Facebook,CH005,Sales,CT002,Anderson Inc,CL 034,Unit 0015 Box 7678,DPO AE 55030-2816,,,jgomez@gmail.com,Morgan Gross,Adults,40-60,AU007,LATAM,LO002,14315.0,7127.0,261.0,703.0,41047.69,68126.23,Thomas Ryan,EX003
C952,2023-12-06,2024-01-04,Email,CH002,Sales,CT002,"Mcclain, Beltran and Patterson",CL 060,2179 Obrien Fort,New Christopher,FL,6005,jeffrey07@rice.com,Bryan Moore,Female,40-60,AU010,Canada,LO003,61214.0,3786.0,2812.0,115.0,33297.85,54641.36,Brandon Townsend Jr.,EX002
C953,2023-05-18,2023-05-26,TikTok,CH003,Sales,CT002,"Ruiz, Cox and Meyer",CL 071,5058 Frank Locks,Blackmouth,MI,7896,vjohnson@yahoo.com,Anne Davis,Male,40-60,AU003,Europe,LO004,53694.0,6554.0,367.0,314.0,19083.51,39803.1,Aaron Faulkner,EX009
C954,2023-07-24,2023-08-22,Email,CH002,Sign Up,CT001,Vaughan Group,CL 051,PSC 0937,Box 0339,APO AP,AP 98521,baldwinhailey@klein-fitzgerald.com,Ashley Carter,Adults,18-40,AU001,Europe,LO004,16081.0,1568.0,1693.0,762.0,20150.97,0.0,Jesus Rivera,EX004
C955,2023-06-02,2023-06-30,Email,CH002,Sales,CT002,Reyes-Rios,CL 030,49937 Christopher Unions,Gutierrezmouth,MI,13751-5785,cunninghamjerry@gmail.com,Eric Davis,Adults,18-40,AU001,UK,LO006,25575.0,4115.0,1160.0,372.0,3836.52,77688.09,Wesley Simon,EX005
C956,2023-05-14,2023-05-15,Instagram,CH004,Sign Up,CT001,Williams PLC,CL 062,911 Thomas Manors,Longchester,ID,62649-9748,sanchezangela@butler.com,Reginald Lee,Male,60+,AU005,Europe,LO004,7773.0,2665.0,2409.0,797.0,39812.13,0.0,Michael Camacho,EX007
C957,2023-02-14,2023-02-28,Facebook,CH005,Sales,CT002,"Brown, Lawrence and Collins",CL 054,069 Jeffrey Neck,North Jeffreyberg,VI,70669-3291,tracyfields@evans.com,Thomas Fleming,Teens,13-19,AU008,Japan,LO005,29127.0,3532.0,1674.0,519.0,14921.49,56282.75,Michael Camacho,EX007
C958,2023-08-14,2023-09-05,Instagram,CH004,Sales,CT002,Riley PLC,CL 018,699 Anderson Glen,Parkerside,AZ,15616-1374,jennifer09@york.org,Gary Reed,Female,60+,AU002,Japan,LO005,14023.0,2864.0,1470.0,73.0,22982.45,33297.52,Kyle Serrano,EX010
C959,2023-08-27,2023-09-02,YouTube,CH001,Sales,CT002,Lewis-Martinez,CL 067,37059 Bates Prairie Suite 432,Port Robertmouth,MN,28374,joshua06@king.com,Angela Anderson,Adults,18-40,AU001,USA,LO001,49427.0,768.0,3268.0,679.0,9873.34,62876.5,Aaron Faulkner,EX009
C960,2023-03-24,2023-03-26,TikTok,CH003,Sales,CT002,Schneider PLC,CL 014,872 Davila Ville Apt. 985,Millerland,GA,42888,beasleycraig@yahoo.com,Stephen Murphy,Male,40-60,AU003,UK,LO006,52965.0,3730.0,3767.0,616.0,40233.97,51745.11,Lauren Riggs,EX001
C961,2023-08-21,2023-09-01,Instagram,CH004,Sales,CT002,Hughes-Sullivan,CL 076,5874 Guerra Courts Suite 368,South Codyhaven,OR,93465,williamsnathaniel@yahoo.com,Roy Obrien,Teens,13-19,AU008,LATAM,LO002,75528.0,5370.0,1938.0,52.0,26337.58,25866.46,Brandon Townsend Jr.,EX002
C962,2023-05-13,2023-06-02,Facebook,CH005,Sign Up,CT001,Hughes-Sullivan,CL 076,5874 Guerra Courts Suite 368,South Codyhaven,OR,93465,williamsnathaniel@yahoo.com,Roy Obrien,Teens,13-19,AU008,India,LO008,19770.0,7855.0,2851.0,371.0,33856.13,0.0,Brandon Townsend Jr.,EX002
C963,2023-11-20,2023-11-23,YouTube,CH001,Sales,CT002,Salinas-Chavez,CL 003,53637 Bonnie Walk Suite 961,South Adrianaport,IA,49560,richard84@hotmail.com,Chelsea Hoffman,Female,18-40,AU004,Australia,LO007,23341.0,916.0,277.0,970.0,11733.07,46140.73,Thomas Ryan,EX003
C964,2023-02-21,2023-03-02,TikTok,CH003,Sales,CT002,"Reed, Galloway and Buck",CL 010,49317 Vincent Vista Suite 462,Port Nathan,CA,23364-0905,larrygraham@lucas.com,Andrea Simmons,Female,40-60,AU010,UK,LO006,2451.0,1535.0,440.0,56.0,41744.14,53954.36,Wesley Simon,EX005
C965,2023-07-26,2023-08-11,YouTube,CH001,Sales,CT002,Jones LLC,CL 035,89103 Jennings Cape Suite 740,South Dianafort,FL,68504,norrisjames@pearson-burton.biz,Danielle Hernandez,Male,18-40,AU009,Australia,LO007,37430.0,5611.0,3499.0,367.0,26171.98,55742.7,Aaron Faulkner,EX009
C966,2023-02-17,2023-03-13,Facebook,CH005,Sales,CT002,Hughes-Sullivan,CL 076,5874 Guerra Courts Suite 368,South Codyhaven,OR,93465,williamsnathaniel@yahoo.com,Roy Obrien,Teens,13-19,AU008,Canada,LO003,51114.0,4473.0,1393.0,557.0,12898.37,51664.24,Brandon Townsend Jr.,EX002
C967,2023-07-14,2023-07-19,Facebook,CH005,Sales,CT002,"Hernandez, Keller and Berry",CL 072,Unit 2637 Box 1240,DPO AE 48178,,,mary90@yahoo.com,Kristin Carson,Seniors,60+,AU006,UK,LO006,97916.0,9001.0,3159.0,257.0,30170.53,51450.82,Thomas Ryan,EX003
C968,2023-08-06,2023-08-28,YouTube,CH001,Sales,CT002,Patterson and Sons,CL 006,0171 Patricia Street Suite 265,Frankmouth,MS,50700-0717,nataliemartinez@hotmail.com,Christopher Riggs,Female,18-40,AU004,Australia,LO007,29168.0,1099.0,3033.0,718.0,27252.94,39261.08,Jesus Rivera,EX004
C969,2023-07-11,2023-08-06,YouTube,CH001,Sales,CT002,Hernandez Inc,CL 052,9452 Amber Mills,Lopezville,NV,94038-0838,uhansen@livingston.com,Traci Holden,Female,18-40,AU004,Canada,LO003,65564.0,8316.0,3370.0,487.0,558.21,52324.73,Melissa Haynes,EX008
C970,2023-10-23,2023-10-28,TikTok,CH003,Sales,CT002,Drake-Vasquez,CL 038,8980 Cox Park,South Robert,NV,66099-6728,tylersheila@hicks.com,Teresa Doyle,Female,60+,AU002,Canada,LO003,96479.0,6935.0,2900.0,998.0,15009.35,68011.25,Michael Camacho,EX007
C971,2023-06-20,2023-07-17,Facebook,CH005,Sign Up,CT001,Wall-Cruz,CL 073,7470 Harris Roads Suite 137,Brookefort,MP,32507,davidponce@turner-copeland.com,Robert Cruz,Male,40-60,AU003,LATAM,LO002,45125.0,1482.0,2589.0,782.0,28353.53,0.0,Becky Brown,EX006
C972,2023-12-06,2023-12-25,Email,CH002,Sales,CT002,Lewis PLC,CL 013,621 Woodard Manors Apt. 208,Port Amy,ME,05157-2612,beth20@gmail.com,Diana Love,Female,40-60,AU010,Australia,LO007,43385.0,525.0,1647.0,678.0,29946.16,23153.0,Thomas Ryan,EX003
C973,2023-01-30,2023-02-23,Email,CH002,Sign Up,CT001,Reed-Johnson,CL 070,01161 Mcintyre Burg,Robinsonport,CO,51964,stacy50@bates-martin.com,John Terrell,Adults,18-40,AU001,Australia,LO007,4039.0,1189.0,3103.0,531.0,46394.55,0.0,Becky Brown,EX006
C974,2023-05-14,2023-06-02,Facebook,CH005,Sales,CT002,Phillips-Lewis,CL 057,152 Munoz Spur,Richardbury,NE,64820-6682,ssullivan@yahoo.com,April Williams,Adults,18-40,AU001,Canada,LO003,11837.0,203.0,1905.0,980.0,6572.74,27938.14,Aaron Faulkner,EX009
C975,2023-07-19,2023-08-01,Facebook,CH005,Sign Up,CT001,Hughes-Sullivan,CL 076,5874 Guerra Courts Suite 368,South Codyhaven,OR,93465,williamsnathaniel@yahoo.com,Roy Obrien,Seniors,60+,AU006,UK,LO006,48719.0,8691.0,4442.0,299.0,18642.64,0.0,Brandon Townsend Jr.,EX002
C976,2023-07-09,2023-07-21,Instagram,CH004,Sign Up,CT001,Bernard and Sons,CL 044,8622 Ricky Knoll,New Jenniferville,GA,79764-9207,johnsonrobert@white.com,Julia Moore,Male,40-60,AU003,USA,LO001,92946.0,6254.0,2952.0,168.0,30452.27,0.0,Thomas Ryan,EX003
C977,2023-11-29,2023-12-16,Facebook,CH005,Sales,CT002,Nunez-Bowers,CL 020,6821 Walker Via Suite 228,Lake Jessica,NE,05036-1909,michelle44@yahoo.com,James Woods,Female,60+,AU002,India,LO008,46975.0,4882.0,4382.0,745.0,16322.23,27165.79,Wesley Simon,EX005
C978,2023-03-11,2023-04-04,Facebook,CH005,Sign Up,CT001,Lewis PLC,CL 013,621 Woodard Manors Apt. 208,Port Amy,ME,05157-2612,beth20@gmail.com,Diana Love,Adults,18-40,AU001,India,LO008,60307.0,9014.0,2508.0,694.0,5193.98,0.0,Thomas Ryan,EX003
C979,2023-03-08,2023-03-15,YouTube,CH001,Sales,CT002,Fisher Group,CL 023,880 Watson Ramp Suite 059,Reynoldsfurt,GU,10725,brian57@hotmail.com,Jeremy Baker,Adults,40-60,AU007,India,LO008,25879.0,348.0,2677.0,912.0,22684.6,46569.48,Melissa Haynes,EX008
C980,2023-07-18,2023-07-31,YouTube,CH001,Sales,CT002,Mitchell-Rojas,CL 064,Unit 7421 Box 5134,DPO AE 60814,,,johnathan43@hotmail.com,Benjamin Anthony,Male,40-60,AU003,LATAM,LO002,37511.0,5002.0,1246.0,31.0,1108.98,62803.09,Thomas Ryan,EX003
C981,2023-03-27,2023-04-14,YouTube,CH001,Sign Up,CT001,"Cohen, Williams and Hess",CL 061,93243 Lee Loop Apt. 832,North Jonathanland,MP,43605-6685,shawn39@gmail.com,Mr. Nicholas Ramirez,Female,18-40,AU004,LATAM,LO002,27928.0,2689.0,168.0,254.0,15467.1,0.0,Jesus Rivera,EX004
C982,2023-04-26,2023-05-04,TikTok,CH003,Sign Up,CT001,"Holloway, Cox and Ford",CL 046,7800 Dorsey Tunnel Suite 734,West Tracy,UT,56027,joseph49@hodges-campbell.com,Dennis Carr,Female,60+,AU002,USA,LO001,72298.0,636.0,4902.0,54.0,16071.98,0.0,Brandon Townsend Jr.,EX002
C983,2023-07-11,2023-07-18,Instagram,CH004,Sales,CT002,Fisher-Johnston,CL 063,36491 Jennifer Park Suite 248,East David,PA,71082-4715,rellis@lindsey.com,Timothy Hernandez,Male,60+,AU005,Australia,LO007,82808.0,9459.0,2419.0,180.0,16241.02,33998.94,Jesus Rivera,EX004
C984,2023-08-03,2023-08-12,Facebook,CH005,Sales,CT002,"Holloway, Cox and Ford",CL 046,7800 Dorsey Tunnel Suite 734,West Tracy,UT,56027,joseph49@hodges-campbell.com,Dennis Carr,Female,18-40,AU004,Europe,LO004,24879.0,9679.0,870.0,629.0,7621.81,59737.97,Brandon Townsend Jr.,EX002
C985,2023-04-18,2023-04-24,Instagram,CH004,Sales,CT002,Thomas-Proctor,CL 031,820 Butler Streets Suite 875,North Denisehaven,WV,66736-0964,brownmario@leonard.com,Angela Moore,Adults,18-40,AU001,Japan,LO005,71926.0,9030.0,3873.0,239.0,28722.11,55434.31,Wesley Simon,EX005
C986,2023-07-07,2023-07-13,Facebook,CH005,Sales,CT002,"Ramos, Gomez and Garcia",CL 056,PSC 8675,Box 2798,APO AA,AA 82949-7770,huntdavid@orr.info,Eric Harrison,Female,40-60,AU010,India,LO008,1580.0,8662.0,3163.0,372.0,20420.65,65990.13,Kyle Serrano,EX010
C987,2023-06-30,2023-07-06,TikTok,CH003,Sales,CT002,"Bush, Mendez and Smith",CL 028,791 Darryl Squares Suite 934,Holdenport,OH,41129-2197,churchtimothy@yahoo.com,Patrick Williams,Seniors,60+,AU006,Australia,LO007,95643.0,1696.0,1397.0,22.0,12622.22,23805.2,Brandon Townsend Jr.,EX002
C988,2023-09-24,2023-10-17,TikTok,CH003,Sales,CT002,Williams PLC,CL 062,911 Thomas Manors,Longchester,ID,62649-9748,sanchezangela@butler.com,Reginald Lee,Male,18-40,AU009,UK,LO006,27733.0,1824.0,331.0,918.0,43654.26,45311.76,Michael Camacho,EX007
C989,2023-08-21,2023-08-27,YouTube,CH001,Sales,CT002,Herrera-Cook,CL 040,0613 David Haven Apt. 354,North Samantha,MI,10699-1384,ijordan@gmail.com,Madison York,Female,40-60,AU010,LATAM,LO002,45035.0,2306.0,4036.0,516.0,3224.21,23153.0,Wesley Simon,EX005
C990,2023-04-08,2023-05-06,YouTube,CH001,Sign Up,CT001,"Holloway, Cox and Ford",CL 046,7800 Dorsey Tunnel Suite 734,West Tracy,UT,56027,joseph49@hodges-campbell.com,Dennis Carr,Female,40-60,AU010,LATAM,LO002,67641.0,3295.0,507.0,667.0,48605.84,0.0,Brandon Townsend Jr.,EX002
C991,2023-05-12,2023-05-18,TikTok,CH003,Sales,CT002,Pearson-Shah,CL 077,5117 Suzanne Branch,Barnesmouth,VA,53846,anthony54@perez.com,Shannon Martinez,Male,40-60,AU003,Europe,LO004,14734.0,8792.0,2035.0,650.0,3495.04,44984.79,Jesus Rivera,EX004
C992,2023-07-08,2023-07-28,TikTok,CH003,Sales,CT002,White Ltd,CL 005,172 Angela Crescent Apt. 306,North Laura,HI,69094-7497,jeremy56@gmail.com,Nathan Weber,Seniors,60+,AU006,USA,LO001,43351.0,6592.0,3152.0,788.0,38605.33,39350.91,Jesus Rivera,EX004
C993,2023-10-08,2023-10-16,TikTok,CH003,Sign Up,CT001,"Wheeler, Garcia and Johnson",CL 053,160 Juarez Burgs,Lynchstad,NC,54104,zhanna@knox.com,Bradley Schroeder,Male,18-40,AU009,Europe,LO004,80606.0,4650.0,2771.0,260.0,22133.88,0.0,Aaron Faulkner,EX009
C994,2023-12-04,2023-12-26,YouTube,CH001,Sales,CT002,"Rowe, Morse and Morgan",CL 059,247 Young Spur,North Jacobview,WI,24275,hstafford@yahoo.com,Destiny Atkins,Male,40-60,AU003,LATAM,LO002,61308.0,122.0,3203.0,56.0,9844.14,53990.82,Becky Brown,EX006
C995,2023-01-02,2023-01-11,Email,CH002,Sales,CT002,Melton-Smith,CL 045,03793 Jacobs Branch,West Max,MA,54633-3659,mercertimothy@huff.com,Patrick Abbott,Female,60+,AU002,Europe,LO004,26189.0,1185.0,3540.0,724.0,18125.96,36183.29,Lauren Riggs,EX001
C996,2023-02-15,2023-03-13,Instagram,CH004,Sales,CT002,"Rowe, Morse and Morgan",CL 059,247 Young Spur,North Jacobview,WI,24275,hstafford@yahoo.com,Destiny Atkins,Adults,18-40,AU001,UK,LO006,35964.0,3183.0,4222.0,419.0,12373.42,44660.64,Becky Brown,EX006
C997,2023-05-14,2023-06-01,Facebook,CH005,Sales,CT002,"Bradley, Jackson and Miller",CL 026,190 Bradley Mill Suite 940,Craigbury,MO,18832,hansonpatrick@hunt.com,Dr. David Glass Jr.,Seniors,60+,AU006,Australia,LO007,88603.0,3626.0,3744.0,443.0,48731.96,69574.75,Melissa Haynes,EX008
C998,2023-01-15,2023-02-13,Facebook,CH005,Sales,CT002,Hernandez Inc,CL 052,9452 Amber Mills,Lopezville,NV,94038-0838,uhansen@livingston.com,Traci Holden,Seniors,60+,AU006,Europe,LO004,99945.0,7074.0,2805.0,522.0,45263.18,23590.96,Melissa Haynes,EX008
C999,2023-01-30,2023-01-31,TikTok,CH003,Sales,CT002,"Holloway, Cox and Ford",CL 046,7800 Dorsey Tunnel Suite 734,West Tracy,UT,56027,joseph49@hodges-campbell.com,Dennis Carr,Adults,18-40,AU001,Canada,LO003,8729.0,3747.0,2267.0,723.0,6459.74,50485.05,Brandon Townsend Jr.,EX002
C1000,2023-12-19,2024-01-13,TikTok,CH003,Sign Up,CT001,"Bush, Mendez and Smith",CL 028,791 Darryl Squares Suite 934,Holdenport,OH,41129-2197,churchtimothy@yahoo.com,Patrick Williams,Adults,18-40,AU001,India,LO008,63539.0,2325.0,3705.0,723.0,25753.68,0.0,Brandon Townsend Jr.,EX002
